id_unidad_generacion;Nombre;id_central;Combustible
0;Sin Unidad Generacion;0;
1;AGUASBLANCAS-AGB_DIESEL;377;Diesel
2;ANDINA-CTA_CAR;251;Carbon
3;ANGAMOS-ANG1_CAR;222;Carbon
4;ANGAMOS-ANG2_CAR;223;Carbon
5;ANGOSTURA-1;114;HidroeléctricaEmbalse
6;ANGOSTURA-2;115;HidroeléctricaEmbalse
7;ANGOSTURA-3;115;HidroeléctricaEmbalse
8;ANTILHUE-1_DIESEL;224;Diesel
9;ANTILHUE-2_DIESEL;224;Diesel
10;ARAUCO_COGEN;4;Cogeneracion
11;ARICA-GMAR_DIESEL;235;Diesel
12;ARICA-M1AR_DIESEL;235;Diesel
13;ARICA-M2AR_DIESEL;236;Diesel
14;ATACAMA-1TG1A_TG1A_DIESEL;319;Diesel
15;ATACAMA-1TG1A_TG1A_GNL_A;319;GNL
16;ATACAMA-1TG1A_TG1A_GNL_D;319;GNL
17;ATACAMA-1TG1A_TG1A_GNL_E;319;GNL
18;ATACAMA-1TG1A_TG1A+0.5TV1_DIESEL;319;Diesel
19;ATACAMA-1TG1A_TG1A+0.5TV1_GNL_A;319;GNL
20;ATACAMA-1TG1A_TG1A+0.5TV1_GNL_C;319;GNL
21;ATACAMA-1TG1A_TG1A+0.5TV1_GNL_D;319;GNL
22;ATACAMA-1TG1A_TG1A+0.5TV1_GNL_E;319;GNL
23;ATACAMA-1TG1AB_TG1A+TG1B+TV1_DIESEL;319;Diesel
24;ATACAMA-1TG1AB_TG1A+TG1B+TV1_GNL_A;319;GNL
25;ATACAMA-1TG1AB_TG1A+TG1B+TV1_GNL_C;319;GNL
26;ATACAMA-1TG1AB_TG1A+TG1B+TV1_GNL_D;319;GNL
27;ATACAMA-1TG1AB_TG1A+TG1B+TV1_GNL_E;319;GNL
28;ATACAMA-1TG1B_TG1B_DIESEL;320;Diesel
29;ATACAMA-1TG1B_TG1B_GNL_D;320;GNL
30;ATACAMA-1TG1B_TG1B_GNL_E;320;GNL
31;ATACAMA-1TG1B_TG1B+0.5TV1_DIESEL;320;Diesel
32;ATACAMA-1TG1B_TG1B+0.5TV1_GNL_A;320;GNL
33;ATACAMA-1TG1B_TG1B+0.5TV1_GNL_B;320;GNL
34;ATACAMA-1TG1B_TG1B+0.5TV1_GNL_D;320;GNL
35;ATACAMA-1TG1B_TG1B+0.5TV1_GNL_E;320;GNL
36;ATACAMA-1TG1B_TG1B+0.5TV1_GNL_INFLEX;320;GNL
37;ATACAMA-2TG2A_TG2A_DIESEL;321;Diesel
38;ATACAMA-2TG2A_TG2A_GNL_C;321;GNL
39;ATACAMA-2TG2A_TG2A_GNL_D;321;GNL
40;ATACAMA-2TG2A_TG2A_GNL_E;321;GNL
41;ATACAMA-2TG2A_TG2A+0.5TV2_DIESEL;321;Diesel
42;ATACAMA-2TG2A_TG2A+0.5TV2_GNL_A;321;GNL
43;ATACAMA-2TG2A_TG2A+0.5TV2_GNL_D;321;GNL
44;ATACAMA-2TG2A_TG2A+0.5TV2_GNL_E;321;GNL
45;ATACAMA-2TG2AB_TG2A+TG2B+TV2_DIESEL;321;Diesel
46;ATACAMA-2TG2AB_TG2A+TG2B+TV2_GNL_A;321;GNL
47;ATACAMA-2TG2AB_TG2A+TG2B+TV2_GNL_C;321;GNL
48;ATACAMA-2TG2AB_TG2A+TG2B+TV2_GNL_D;321;GNL
49;ATACAMA-2TG2AB_TG2A+TG2B+TV2_GNL_INFLEX;321;GNL
50;ATACAMA-2TG2B_TG2B_DIESEL;322;Diesel
51;ATACAMA-2TG2B_TG2B_GNL_D;322;GNL
52;ATACAMA-2TG2B_TG2B_GNL_E;322;GNL
53;ATACAMA-2TG2B_TG2B+0.5TV2_DIESEL;322;Diesel
54;ATACAMA-2TG2B_TG2B+0.5TV2_GNL_A;322;GNL
55;ATACAMA-2TG2B_TG2B+0.5TV2_GNL_B;322;GNL
56;ATACAMA-2TG2B_TG2B+0.5TV2_GNL_C;322;GNL
57;ATACAMA-2TG2B_TG2B+0.5TV2_GNL_D;322;GNL
58;ATACAMA-2TG2B_TG2B+0.5TV2_GNL_E;322;GNL
59;BOCAMINA-2_CAR;226;Carbon
60;CALLECALLE_DIESEL;227;Diesel
61;CAMPICHE_CAR;228;Carbon
62;CANDELARIA-1_DIESEL;959;Diesel
63;CANDELARIA-1_GN_A;959;GN
64;CANDELARIA-1_GNL_E;959;GNL
65;CANDELARIA-2_DIESEL;959;Diesel
66;CANDELARIA-2_GN_A;959;GN
67;CANDELARIA-2_GNL_C;959;GNL
68;CANDELARIA-2_GNL_D;959;GNL
69;CANDELARIA-2_GNL_E;959;GNL
70;CANUTILLAR;118;HidroeléctricaEmbalse
71;CANUTILLAR-1;118;HidroeléctricaEmbalse
72;CANUTILLAR-2;119;HidroeléctricaEmbalse
73;CARDONES_DIESEL;233;Diesel
74;CELCO_BL1_COGEN;237;Cogeneracion
75;CELCO_BL1+BL2_COGEN;237;Cogeneracion
76;CEMENTOSBIOBIO_DIESEL;234;Diesel
77;CEMENTOSBIOBIO_FO6;234;fuel-oil
78;CERROPABELLON-G1A_GEO;112;geotermica
79;CERROPABELLON-G2A_GEO;112;geotermica
80;CHAGUAL_DIESEL;240;fuel-oil
81;CHILOE_DIESEL;378;Diesel
82;CHOLGUAN_BL1_COGEN;301;Cogeneracion
83;CHUYACA_DIESEL;241;Diesel
84;CIPRESES_sinv;120;HidroeléctricaEmbalse
85;CIPRESES_vcuri_loma;121;HidroeléctricaEmbalse
86;CIPRESES_visla_curi_loma;121;HidroeléctricaEmbalse
87;CIPRESES-1;120;HidroeléctricaEmbalse
88;CIPRESES-2;121;HidroeléctricaEmbalse
89;CIPRESES-3;122;HidroeléctricaEmbalse
90;CMPCCORDILLERA_GN_A;12;GN
91;CMPCCORDILLERA_GNL_A;12;GNL
92;CMPCCORDILLERA_GNL_B;12;GNL
93;CMPCLAJA_BL1_COGEN;8;Cogeneracion
94;CMPCLAJA_BL1+BL2_COGEN;8;Cogeneracion
95;CMPCLAJA_BL1+BL2+BL3_COGEN;8;Cogeneracion
96;CMPCLAJA_BL1+BL2+BL3+BL4_COGEN;8;Cogeneracion
97;CMPCPACIFICO_BL1_COGEN;242;Cogeneracion
98;CMPCPACIFICO_BL1+BL2_COGEN;242;Cogeneracion
99;CMPCPACIFICO_BL1+BL2+BL3_COGEN;242;Cogeneracion
100;COCHRANE-CCH1_CAR;243;Carbon
101;COCHRANE-CCH2_CAR;244;Carbon
102;COLBUN_sinv;123;HidroeléctricaEmbalse
103;COLBUN_vmach_sign;124;HidroeléctricaEmbalse
104;COLBUN_vsign;124;HidroeléctricaEmbalse
105;COLBUN-1;123;HidroeléctricaEmbalse
106;COLBUN-2;124;HidroeléctricaEmbalse
107;COLMITO_DIESEL;246;Diesel
108;COLMITO_GN_A;246;GN
109;COLMITO_GNL_A;246;GNL
110;COMBARBALA_DIESEL;247;Diesel
111;CONCON_DIESEL;379;Diesel
112;CONSTITUCION_DIESEL;248;Diesel
113;CORONEL_DIESEL;250;Diesel
114;CORONEL_GN_A;250;GN
115;CORONEL_GNL_A;250;GNL
116;COSTO_CERO;0;CostoCero
117;CS-CERRODOMINADOR;961;ConcentradorSolar
118;DALMAGRO_DIESEL;966;Diesel
119;DEGAN_DIESEL;258;Diesel
120;DEGAN-2_DIESEL;259;Diesel
121;DEGAN2-NAVE5_DIESEL;259;Diesel
122;DEGAN-NAVE1+2_DIESEL;258;Diesel
123;ELTORO_sinv;125;HidroeléctricaEmbalse
124;ELTORO-1;125;HidroeléctricaEmbalse
125;ELTORO-2;969;HidroeléctricaEmbalse
126;ELTORO-3;126;HidroeléctricaEmbalse
127;ELTORO-4;127;HidroeléctricaEmbalse
128;ELTOTORAL_DIESEL;988;Diesel
129;EMELDA-1_DIESEL;260;Diesel
130;EMELDA-2_DIESEL;261;Diesel
131;ENAPACONCAGUA_COGEN;239;Cogeneracion
132;ENAPBIOBIO_COGEN;234;Cogeneracion
133;EPACIFICO_COGEN;13;Cogeneracion
134;ESCUADRON_COGEN;15;Cogeneracion
135;ESPERANZA-DS1_DIESEL;262;Diesel
136;ESPERANZA-DS2_DIESEL;263;Diesel
137;ESPINOS_BL1_DIESEL;265;Diesel
138;ESPINOS_BL1+BL2_DIESEL;265;Diesel
139;GUACOLDA-1_CAR;266;Carbon
140;GUACOLDA-2_CAR;266;Carbon
141;GUACOLDA-3_CAR;266;Carbon
142;GUACOLDA-4_CAR;266;Carbon
143;GUACOLDA-5_CAR;266;Carbon
144;HORCONES_DIESEL;267;Diesel
145;HORNITOS-CTH_CAR;252;Carbon
146;KELAR-TG1_TG1_DIESEL;271;Diesel
147;KELAR-TG1_TG1_GNL_A;271;GNL
148;KELAR-TG1_TG1_GNL_B;271;GNL
149;KELAR-TG1_TG1_GNL_C;271;GNL
150;KELAR-TG1_TG1+0.5TV_DIESEL;271;Diesel
151;KELAR-TG1_TG1+0.5TV_GNL_A;271;GNL
152;KELAR-TG12_TG1+TG2+TV1_DIESEL;271;Diesel
153;KELAR-TG12_TG1+TG2+TV1_GNL_A;272;GNL
154;KELAR-TG12_TG1+TG2+TV1_GNL_B;272;GNL
155;KELAR-TG12_TG1+TG2+TV1_GNL_C;272;GNL
156;KELAR-TG2_TG2_DIESEL;272;Diesel
157;KELAR-TG2_TG2_GNL_A;272;GNL
158;KELAR-TG2_TG2_GNL_B;272;GNL
159;KELAR-TG2_TG2_GNL_C;272;GNL
160;KELAR-TG2_TG2+0.5TV_DIESEL;272;Diesel
161;KELAR-TG2_TG2+0.5TV_GNL_A;272;GNL
162;KELAR-TG2_TG2+0.5TV_GNL_C;272;GNL
163;LAJAEVE-1_COGEN;8;Cogeneracion
164;LAPORTADA-TECNET_DIESEL;386;Diesel
165;LASVEGAS_DIESEL;380;Diesel
166;LAUTARO-1_BL1_COGEN;10;Cogeneracion
167;LAUTARO-1_BL1+BL2_COGEN;10;Cogeneracion
168;LAUTARO-2_BL1_COGEN;11;Cogeneracion
169;LAUTARO-2_BL1+BL2_COGEN;11;Cogeneracion
170;LICANTEN_BL1_COGEN;17;Cogeneracion
171;LICANTEN_BL1+BL2_COGEN;17;Cogeneracion
172;LINARES_DIESEL;273;Diesel
173;LLANOSBLANCOS_DIESEL;274;Diesel
174;LOMALOSCOLORADOS-1_BIOGAS;18;Biogas
175;LOMALOSCOLORADOS-2_BIOGAS;19;Biogas
176;LOSGUINDOS_DIESEL;276;Diesel
177;LOSGUINDOS-2_DIESEL;277;Diesel
178;LOSPINOS_DIESEL;275;Diesel
179;LOSVIENTOS_DIESEL;278;Diesel
180;LOSVIENTOS_DIESEL_CNAVIA;278;Diesel
181;MANTOSBLANCOS-MIMB_DIESEL;280;Diesel
182;MASISA_COGEN;20;Cogeneracion
183;MAULE_DIESEL;249;Diesel
184;MEJILLONES-CTM1_CAR;253;Carbon
185;MEJILLONES-CTM2_CAR;254;Carbon
186;MEJILLONES-CTM3_TG1+TV1_DIESEL;255;Diesel
187;MEJILLONES-CTM3_TG1+TV1_GNL_A;255;GNL
188;MEJILLONES-CTM3_TG1+TV1_GNL_B;255;GNL
189;MEJILLONES-CTM3_TG1+TV1_GNL_C;255;GNL
190;MEJILLONES-IEM_CAR;253;Carbon
191;NEHUENCO-1_TG1_GN_A;282;GN
192;NEHUENCO-1_TG1+TV1_GN_A;283;GN
193;NEHUENCO-1_TG1+TV1_GNL_C;281;GNL
194;NEHUENCO-1_TG1+TV1_GNL_D;281;GNL
195;NEHUENCO-1_TG1+TV1_GNL_E;281;GNL
196;NEHUENCO-2_TG1_GN_A;285;GN
197;NEHUENCO-2_TG1+TV1_GN_A;286;GN
198;NEHUENCO-2_TG1+TV1_GNL_C;286;GNL
199;NEHUENCO-2_TG1+TV1_GNL_D;286;GNL
200;NEHUENCO-2_TG1+TV1_GNL_E;286;GNL
201;NEHUENCO-9B_GN_A;287;GN
202;NEWEN_DIESEL;289;Diesel
203;NEWEN_GNL_A;291;GNL
204;NORGENER-NTO1_CAR;293;Carbon
205;NORGENER-NTO2_CAR;293;Carbon
206;NUEVAALDEA_BL1+BL2+BL3_COGEN;294;Cogeneracion
207;NUEVAALDEA-1_BL1+BL2_COGEN;975;Cogeneracion
208;NUEVAALDEA-2_DIESEL;294;Diesel
209;NUEVAALDEA-3_COGEN;975;Cogeneracion
210;NUEVARENCA_TG1+TV1_GN_A;295;GN
211;NUEVARENCA_TG1+TV1_GNL_A;295;GNL
212;NUEVARENCA_TG1+TV1+FA1_GN_A;295;GN
213;NUEVARENCA_TG1+TV1+FA1_GNL_A;295;GNL
214;NUEVAVENTANAS_CAR;296;Carbon
215;OLIVOS_BL1_DIESEL;297;Diesel
216;PAJONALES_DIESEL;299;fuel-oil
217;PAM_COGEN;394;Biogas
218;PCOLORADA_DIESEL;978;Diesel
219;PEHUENCHE;131;HidroeléctricaEmbalse
220;PEHUENCHE-1;131;HidroeléctricaEmbalse
221;PEHUENCHE-2;132;HidroeléctricaEmbalse
222;PENON_DIESEL;302;Diesel
223;PLACILLA_DIESEL;387;Diesel
224;QUINTAY_DIESEL;381;Diesel
225;QUINTERO-1_GN_A;305;GN
226;QUINTERO-1_GNL_E;305;GNL
227;QUINTERO-2_GN_A;305;GN
228;QUINTERO-2_GNL_E;305;GNL
229;RALCO_sinv;133;HidroeléctricaEmbalse
230;RALCO_vangos;133;HidroeléctricaEmbalse
231;RALCO_vpang;133;HidroeléctricaEmbalse
232;RALCO_vpang_angos;133;HidroeléctricaEmbalse
233;RALCO-1;133;HidroeléctricaEmbalse
234;RALCO-2;134;HidroeléctricaEmbalse
235;RAPEL;135;HidroeléctricaEmbalse
236;RAPEL-1;135;HidroeléctricaEmbalse
237;RAPEL-2;136;HidroeléctricaEmbalse
238;RAPEL-3;137;HidroeléctricaEmbalse
239;RAPEL-4;138;HidroeléctricaEmbalse
240;RAPEL-5;139;HidroeléctricaEmbalse
241;SALVADOR_DIESEL;309;Diesel
242;SANGREGORIO_DIESEL;307;Diesel
243;SANISIDRO-1_TG1_GN_A;311;GN
244;SANISIDRO-1_TG1+TV1_FSTVD_GN_A;311;GN
245;SANISIDRO-1_TG1+TV1_FSTVD_GNL_B;311;GNL
246;SANISIDRO-1_TG1+TV1_GN_A;311;GN
247;SANISIDRO-1_TG1+TV1_GNL_B;311;GNL
248;SANISIDRO-1_TG1+TV1_GNL_E;311;GNL
249;SANISIDRO-2_TG1_GN_A;312;GN
250;SANISIDRO-2_TG1_GNL_E;312;GNL
251;SANISIDRO-2_TG1+TV1_FSTVU_DIESEL;312;Diesel
252;SANISIDRO-2_TG1+TV1_FSTVU_GN_A;312;GN
253;SANISIDRO-2_TG1+TV1_FSTVU_GNL_E;312;GNL
254;SANISIDRO-2_TG1+TV1_GN_A;312;GN
255;SANISIDRO-2_TG1+TV1_GNL_B;312;GNL
256;SANISIDRO-2_TG1+TV1_GNL_E;312;GNL
257;SANJAVIER-1_DIESEL;382;Diesel
258;SANJAVIER-2_DIESEL;383;Diesel
259;SANLORENZO-3_DIESEL;310;Diesel
260;SANTAFE_BL1_COGEN;983;Cogeneracion
261;SANTAFE_BL1+BL2_COGEN;983;Cogeneracion
262;SANTAFE_BL1+BL2+BL3_COGEN;983;Cogeneracion
263;SANTAFE_BL1+BL2+BL3+BL4_COGEN;983;Cogeneracion
264;SANTALIDIA_DIESEL;314;Diesel
265;SANTAMARIA_CAR;313;Carbon
266;SANTAMARTA_COGEN;22;Biogas
267;TALTAL-1_DIESEL;315;Diesel
268;TALTAL-1_GNL_A;315;GNL
269;TALTAL-1_GNL_C;315;GNL
270;TALTAL-1_GNL_D;315;GNL
271;TALTAL-1_GNL_E;315;GNL
272;TALTAL-1_GNL_INFLEX;315;GNL
273;TALTAL-2_DIESEL;316;Diesel
274;TALTAL-2_GNL_A;316;GNL
275;TALTAL-2_GNL_B;316;GNL
276;TALTAL-2_GNL_C;316;GNL
277;TALTAL-2_GNL_D;316;GNL
278;TALTAL-2_GNL_E;316;GNL
279;TALTAL-2_GNL_INFLEX;316;GNL
280;TENO_DIESEL;317;Diesel
281;TENOGAS_GLP;318;GLP
282;TERMOPACIFICO_DIESEL;298;Diesel
283;TOCOPILLA-TG2_DIESEL;325;Diesel
284;TOCOPILLA-TG3_GNL_A;326;GNL
285;TOCOPILLA-TG3_GNL_B;326;GNL
286;TOCOPILLA-U14_CAR;1004;Carbon
287;TOCOPILLA-U15_CAR;1004;Carbon
288;TOCOPILLA-U16_TG1_GNL_A;327;GNL
289;TOCOPILLA-U16_TG1+TV1_GNL_A;327;GNL
290;TOCOPILLA-U16_TG1+TV1_GNL_B;327;GNL
291;TOCOPILLA-U16_TG1+TV1_GNL_C;327;GNL
292;TOCOPILLA-U16_TG1+TV1_GNL_INFLEX;327;GNL
293;TRAPEN_DIESEL;328;Diesel
294;TRINCAO_DIESEL;329;Diesel
295;UJINA-1_DIESEL;332;Diesel
296;UJINA-2_DIESEL;332;Diesel
297;UJINA-3_DIESEL;332;Diesel
298;UJINA-4_DIESEL;332;Diesel
299;VALDIVIA_BL1_COGEN_EUCA;333;Cogeneracion
300;VALDIVIA_BL1+BL2+BL3_COGEN_EUCA;333;Cogeneracion
301;VALDIVIA_BL1+BL2+BL3+BL4_COGEN_EUCA;333;Cogeneracion
302;VENTANAS-2_CAR;336;Carbon
303;VINALES_BL1_COGEN;23;Cogeneracion
304;VINALES_BL1+BL2_COGEN;23;Cogeneracion
305;YUNGAY-1_DIESEL;340;Diesel
306;YUNGAY-1_GN_A;340;GN
307;YUNGAY-2_DIESEL;340;Diesel
308;YUNGAY-2_GN_A;340;GN
309;YUNGAY-3_DIESEL;340;Diesel
310;YUNGAY-3_GN_A;340;GN
311;ANDES-1_DIESEL;958;Diesel
312;ANDES-2_DIESEL;958;Diesel
313;ANDES-3_DIESEL;958;Diesel
314;ANDES-4_DIESEL;958;Diesel
315;ATACAMA-1TG1A_TG1A_GNL_B;319;GNL
316;ATACAMA-1TG1A_TG1A_GNL_C;319;GNL
317;ATACAMA-1TG1A_TG1A+0.5TV1_GN_A;319;GN
318;ATACAMA-1TG1AB_TG1A+TG1B+TV1_GNL_B;319;GNL
319;ATACAMA-1TG1B_TG1B_GNL_A;320;GNL
320;ATACAMA-1TG1B_TG1B_GNL_B;320;GNL
321;ATACAMA-1TG1B_TG1B_GNL_C;320;GNL
322;ATACAMA-1TG1B_TG1B+0.5TV1_GNL_C;320;GNL
323;ATACAMA-2TG2A_TG2A_GNL_A;321;GNL
324;ATACAMA-2TG2A_TG2A+0.5TV2_GNL_C;321;GNL
325;ATACAMA-2TG2B_TG2B_GN_A;322;GN
326;ATACAMA-2TG2B_TG2B_GNL_A;322;GNL
327;ATACAMA-2TG2B_TG2B_GNL_C;322;GNL
328;CANDELARIA-1_GNL_C;959;GNL
329;CANDELARIA-1_GNL_D;959;GNL
330;CENIZAS_DIESEL;238;Diesel
331;CHOLGUAN_BL1+BL2_COGEN;301;Cogeneracion
332;CMPCLAJA_BL1+BL2+BL3+BL4+BL5_COGEN;8;Cogeneracion
333;COLIHUES-1_DIESEL;245;Diesel
334;COLIHUES-1_HFO;245;fuel-oil
335;COLIHUES-2_HFO;245;fuel-oil
336;CORONEL_GNL_B;250;GNL
337;DEGAN2-NAVE4_DIESEL;259;Diesel
338;DEGAN-NAVE5_DIESEL;258;Diesel
339;ELTORO_vantu_rucu_quill;125;HidroeléctricaEmbalse
340;ELTORO_vrucu_quill;125;HidroeléctricaEmbalse
341;ESPERANZA-TG1_DIESEL;263;Diesel
342;HUASCO-1_DIESEL;268;Diesel
343;HUASCO-1_IFO;268;fuel-oil
344;HUASCO-2_DIESEL;268;Diesel
345;HUASCO-2_IFO;268;Diesel
346;HUASCO-3_DIESEL;268;Diesel
347;HUASCO-3_IFO;268;Diesel
348;INACAL_DIESEL;270;Diesel
349;KELAR-TG1_TG1+0.5TV_GNL_B;271;GNL
350;KELAR-TG2_TG2+0.5TV_GNL_B;272;GNL
351;MEJILLONES-CTM3_TG1_DIESEL;255;Diesel
352;MEJILLONES-CTM3_TG1_GNL_A;255;GNL
353;MEJILLONES-CTM3_TG1_GNL_B;255;GNL
354;NEHUENCO-1_TG1_GNL_C;282;GNL
355;NEHUENCO-1_TG1+TV1_GNL_A;283;GNL
356;NEHUENCO-2_TG1_GNL_C;285;GNL
357;NEHUENCO-2_TG1+TV1_DIESEL;284;Diesel
358;NEHUENCO-9B_GNL_A;287;GNL
359;NUEVARENCA_TG1+TV1+FA1_GLP;295;GLP
360;OLIVOS_BL1+BL2_DIESEL;297;Diesel
361;Pangue;129;HidroeléctricaEmbalse
362;PANGUE-1;129;HidroeléctricaEmbalse
363;PANGUE-2;130;HidroeléctricaEmbalse
364;QUINTERO-1_GNL_B;305;GNL
365;QUINTERO-1_GNL_C;305;GNL
366;QUINTERO-2_GNL_B;305;GNL
367;QUINTERO-2_GNL_C;305;GNL
368;RENCA-2_DIESEL;306;Diesel
369;SANISIDRO-1_TG1_GNL_E;311;GNL
370;SANISIDRO-1_TG1+TV1_DIESEL;311;Diesel
371;SANISIDRO-1_TG1+TV1_FSTVD_GNL_E;311;GNL
372;SANISIDRO-1_TG1+TV1_GNL_A;311;GNL
373;SANISIDRO-1_TG1+TV1_GNL_C;311;GNL
374;SANISIDRO-2_TG1+TV1_FSTVU_GNL_C;312;GNL
375;SANISIDRO-2_TG1+TV1_GNL_C;312;GNL
376;TALTAL-1_GNL_B;315;GNL
377;TARAPACA-TGTAR_DIESEL;323;Diesel
378;TOCOPILLA-TG1_DIESEL;324;Diesel
379;TOCOPILLA-U16_TG1_GNL_B;327;GNL
380;TOCOPILLA-U16_TG1+TV1_DIESEL;327;Diesel
381;UJINA-4_HFO;332;fuel-oil
382;UJINA-6_HFO;332;fuel-oil
383;YUNGAY-4_DIESEL;340;Diesel
384;ATACAMA-2TG2A_TG2A+0.5TV2_GNL_B;321;GNL
385;ANDES-1_FO6;958;Diesel
386;ANDES-2_FO6;958;Diesel
387;ANDES-3_FO6;958;Diesel
388;ANDES-4_FO6;958;Diesel
389;ANGOSTURA;114;HidroeléctricaEmbalse
390;ANTUCO;116;HidroeléctricaEmbalse
391;ANTUCO-1;116;HidroeléctricaEmbalse
392;ANTUCO-2;117;HidroeléctricaEmbalse
393;ATACAMA-1TG1B_TG1B_GNL_INFLEX;320;GNL
394;ATACAMA-2TG2A_TG2A_GNL_INFLEX;321;GNL
395;ATACAMA-2TG2A_TG2A+0.5TV2_GNL_INFLEX;321;GNL
396;ATACAMA-2TG2AB_TG2A+TG2B+TV2_GNL_E;321;GNL
397;ATACAMA-2TG2B_TG2B_GNL_INFLEX;322;GNL
398;ATACAMA-2TG2B_TG2B+0.5TV2_GNL_INFLEX;322;GNL
399;Cabo Leones;28;Eolico
400;COLBUN_vmach;123;HidroeléctricaEmbalse
401;ELTORO_vquill;125;HidroeléctricaEmbalse
402;MEJILLONES-CTM3_TG1_GN_A;255;Diesel
403;MEJILLONES-CTM3_TG1+TV1_GN_A;255;Diesel
404;NEHUENCO-1_TG1_GNL_E;282;GN
405;NEHUENCO-1_TG1+TV1_DIESEL;282;Diesel
406;NEHUENCO-2_TG1_GNL_E;285;GN
407;NEHUENCO-9B_GNL_D;287;GNL
408;NEHUENCO-9B_GNL_E;287;GNL
409;NEWEN_GNL_B;291;GNL
410;NUEVARENCA_TG1+TV1_DIESEL;295;Diesel
411;NUEVARENCA_TG1+TV1_GN_B;295;GN
412;NUEVARENCA_TG1+TV1+FA1_GNL_B;295;GN
413;PCOLORADA_IFO;978;Diesel
414;QUINTERO-1_GNL_A;305;GNL
415;SANISIDRO-1_TG1+TV1+FA1_GN_A;311;GN
416;SANISIDRO-1_TG1+TV1+FA1_GNL_E;311;GN
417;SANISIDRO-2_TG1+TV1_GNL_A;312;GN
418;SANLORENZO-1_DIESEL;310;Diesel
419;SANLORENZO-2_DIESEL;310;Diesel
420;TOCOPILLA-U16_TG1_GNL_C;327;GNL
421;ATACAMA-1TG1A_TG1A_GN_A;319;GN
422;ATACAMA-1TG1A_TG1A_GNL_INFLEX;319;GNL
423;ATACAMA-1TG1A_TG1A+0.5TV1_GNL_B;319;GNL
424;ATACAMA-1TG1A_TG1A+0.5TV1_GNL_INFLEX;319;GNL
425;ATACAMA-1TG1AB_TG1A+TG1B+TV1_GN_A;319;GN
426;ATACAMA-1TG1AB_TG1A+TG1B+TV1_GNL_INFLEX;319;GNL
427;ATACAMA-1TG1B_TG1B_GN_A;320;GN
428;ATACAMA-1TG1B_TG1B+0.5TV1_GN_A;320;GN
429;ATACAMA-2TG2A_TG2A_GN_A;321;GN
430;ATACAMA-2TG2A_TG2A_GNL_B;321;GNL
431;ATACAMA-2TG2A_TG2A+0.5TV2_GN_A;321;GN
432;ATACAMA-2TG2AB_TG2A+TG2B+TV2_GN_A;321;GN
433;ATACAMA-2TG2AB_TG2A+TG2B+TV2_GNL_B;321;GNL
434;ATACAMA-2TG2B_TG2B_GNL_B;322;GNL
435;ATACAMA-2TG2B_TG2B+0.5TV2_GN_A;322;GN
436;CANDELARIA-1_GNL_A;959;GNL
437;CANDELARIA-1_GNL_B;959;GNL
438;CANDELARIA-1_GNL_F;959;GNL
439;CANDELARIA-1_GNL_G;959;GNL
440;CANDELARIA-1_GNL_INFLEX;959;GNL
441;CANDELARIA-2_GNL_A;959;GNL
442;CANDELARIA-2_GNL_B;959;GNL
443;CANDELARIA-2_GNL_F;959;GNL
444;CANDELARIA-2_GNL_G;959;GNL
445;CANDELARIA-2_GNL_INFLEX;959;GNL
446;COLIHUES-2_DIESEL;245;Diesel
447;COLMITO_GNL_INFLEX;246;GNL
448;DEGAN2_DIESEL;259;Diesel
449;KELAR-TG1_TG1_GNL_INFLEX (***);271;GNL
450;KELAR-TG1_TG1+0.5TV_GNL_C;271;GNL
451;KELAR-TG1_TG1+0.5TV_GNL_INFLEX (***);271;GNL
452;KELAR-TG12_TG1+TG2+TV1_GNL_INFLEX (***);272;GNL
453;KELAR-TG2_TG2_GNL_INFLEX (***);272;GNL
454;KELAR-TG2_TG2+0.5TV_GNL_INFLEX (***);272;GNL
455;LAJAEVE-2_COGEN;8;Cogeneracion
456;MEJILLONES-CTM3_TG1_GNL_C;255;GNL
457;MEJILLONES-CTM3_TG1_GNL_D;255;GNL
458;MEJILLONES-CTM3_TG1_GNL_E;255;GNL
459;MEJILLONES-CTM3_TG1_GNL_INFLEX;255;GNL
460;MEJILLONES-CTM3_TG1+TV1_GNL_D;255;GNL
461;MEJILLONES-CTM3_TG1+TV1_GNL_E;255;GNL
462;MEJILLONES-CTM3_TG1+TV1_GNL_INFLEX;255;GNL
463;NEHUENCO-1_TG1_GNL_A;282;GNL
464;NEHUENCO-1_TG1_GNL_B;282;GNL
465;NEHUENCO-1_TG1_GNL_D;282;GNL
466;NEHUENCO-1_TG1_GNL_F;282;GNL
467;NEHUENCO-1_TG1_GNL_G;282;GNL
468;NEHUENCO-1_TG1_GNL_INFLEX;282;GNL
469;NEHUENCO-1_TG1+TV1_GNL_B;283;GNL
470;NEHUENCO-1_TG1+TV1_GNL_F;281;GNL
471;NEHUENCO-1_TG1+TV1_GNL_G;281;GNL
472;NEHUENCO-1_TG1+TV1_GNL_INFLEX;281;GNL
473;NEHUENCO-1_TG1+TV1+FA1_GN_A;281;GN
474;NEHUENCO-1_TG1+TV1+FA1_GNL_A;281;GNL
475;NEHUENCO-2_TG1_GNL_A;285;GNL
476;NEHUENCO-2_TG1_GNL_B;285;GNL
477;NEHUENCO-2_TG1_GNL_D;285;GNL
478;NEHUENCO-2_TG1_GNL_F;285;GNL
479;NEHUENCO-2_TG1_GNL_G;285;GNL
480;NEHUENCO-2_TG1_GNL_INFLEX;285;GNL
481;NEHUENCO-2_TG1+TV1_GNL_A;286;GNL
482;NEHUENCO-2_TG1+TV1_GNL_B;286;GNL
483;NEHUENCO-2_TG1+TV1_GNL_F;286;GNL
484;NEHUENCO-2_TG1+TV1_GNL_G;286;GNL
485;NEHUENCO-2_TG1+TV1_GNL_INFLEX;286;GNL
486;NEHUENCO-9B_DIESEL;287;diesel
487;NEHUENCO-9B_GNL_B;287;GNL
488;NEHUENCO-9B_GNL_C;287;GNL
489;NEHUENCO-9B_GNL_F;287;GNL
490;NEHUENCO-9B_GNL_G;287;GNL
491;NEHUENCO-9B_GNL_INFLEX;287;GNL
492;NEWEN_GN_A;291;GN
493;NEWEN_PROPANO;291;GN
494;NUEVAALDEA_BL1_COGEN;294;Cogeneracion
495;NUEVAALDEA_BL1+BL2_COGEN;294;Cogeneracion
496;NUEVAALDEA-1_BL1_COGEN;294;Cogeneracion
497;NUEVARENCA_TG1+TV1_GNL_B;295;GNL
498;NUEVARENCA_TG1+TV1_GNL_C;295;GNL
499;NUEVARENCA_TG1+TV1_GNL_D;295;GNL
500;NUEVARENCA_TG1+TV1_GNL_E;295;GNL
501;NUEVARENCA_TG1+TV1_GNL_INFLEX;295;GNL
502;NUEVARENCA_TG1+TV1_GNL_P;295;GNL
503;NUEVARENCA_TG1+TV1+FA1_GNL_INFLEX;295;GNL
504;NUEVARENCA_TG1+TV1+FA1_GNL_P;295;GNL
505;QUINTERO-1_DIESEL;305;Diesel
506;QUINTERO-1_GNL_D;305;GNL
507;QUINTERO-1_GNL_F;305;GNL
508;QUINTERO-1_GNL_INFLEX;305;GNL
509;QUINTERO-2_DIESEL;305;Diesel
510;QUINTERO-2_GNL_A;305;GNL
511;QUINTERO-2_GNL_D;305;GNL
512;QUINTERO-2_GNL_F;305;GNL
513;QUINTERO-2_GNL_INFLEX;305;GNL
514;RENCA-1_DIESEL;306;Diesel
515;SANISIDRO-1_TG1_DIESEL;311;Diesel
516;SANISIDRO-1_TG1_GNL_A;311;GNL
517;SANISIDRO-1_TG1_GNL_B;311;GNL
518;SANISIDRO-1_TG1_GNL_C;311;GNL
519;SANISIDRO-1_TG1_GNL_D;311;GNL
520;SANISIDRO-1_TG1_GNL_F;311;GNL
521;SANISIDRO-1_TG1_GNL_INFLEX;311;GNL
522;SANISIDRO-1_TG1+TV1_FSTVD_DIESEL;311;Diesel
523;SANISIDRO-1_TG1+TV1_FSTVD_GNL_A;311;GNL
524;SANISIDRO-1_TG1+TV1_FSTVD_GNL_C;311;GNL
525;SANISIDRO-1_TG1+TV1_FSTVD_GNL_D;311;GNL
526;SANISIDRO-1_TG1+TV1_FSTVD_GNL_F;311;GNL
527;SANISIDRO-1_TG1+TV1_FSTVD_GNL_INFLEX;311;GNL
528;SANISIDRO-1_TG1+TV1_GNL_D;311;GNL
529;SANISIDRO-1_TG1+TV1_GNL_F;311;GNL
530;SANISIDRO-1_TG1+TV1_GNL_INFLEX;311;GNL
531;SANISIDRO-1_TG1+TV1+FA1_GNL_A;311;GNL
532;SANISIDRO-1_TG1+TV1+FA1_GNL_B;311;GNL
533;SANISIDRO-1_TG1+TV1+FA1_GNL_C;311;GNL
534;SANISIDRO-1_TG1+TV1+FA1_GNL_D;311;GNL
535;SANISIDRO-1_TG1+TV1+FA1_GNL_F;311;GNL
536;SANISIDRO-1_TG1+TV1+FA1_GNL_INFLEX;311;GNL
537;SANISIDRO-2_TG1_DIESEL;312;Diesel
538;SANISIDRO-2_TG1_GNL_A;312;GNL
539;SANISIDRO-2_TG1_GNL_B;312;GNL
540;SANISIDRO-2_TG1_GNL_C;312;GNL
541;SANISIDRO-2_TG1_GNL_D;312;GNL
542;SANISIDRO-2_TG1_GNL_F;312;GNL
543;SANISIDRO-2_TG1_GNL_INFLEX;312;GNL
544;SANISIDRO-2_TG1+TV1_DIESEL;312;Diesel
545;SANISIDRO-2_TG1+TV1_FSTVU_GNL_A;312;GNL
546;SANISIDRO-2_TG1+TV1_FSTVU_GNL_B;312;GNL
547;SANISIDRO-2_TG1+TV1_FSTVU_GNL_D;312;GNL
548;SANISIDRO-2_TG1+TV1_FSTVU_GNL_F;312;GNL
549;SANISIDRO-2_TG1+TV1_FSTVU_GNL_INFLEX;312;GNL
550;SANISIDRO-2_TG1+TV1_GNL_D;312;GNL
551;SANISIDRO-2_TG1+TV1_GNL_F;312;GNL
552;SANISIDRO-2_TG1+TV1_GNL_INFLEX;312;GNL
553;SANJAVIER_1;382;Diesel
554;SANJAVIER_1_DIESEL;382;Diesel
555;SANJAVIER_2;383;Diesel
556;SANJAVIER_2_DIESEL;383;Diesel
557;TALTAL-1_GN_A;315;GN
558;TALTAL-2_GN_A;316;GN
559;TOCOPILLA-TG3_DIESEL;326;Diesel
560;TOCOPILLA-TG3_GN_A;326;GN
561;TOCOPILLA-TG3_GNL_C;326;GNL
562;TOCOPILLA-TG3_GNL_D;326;GNL
563;TOCOPILLA-TG3_GNL_E;326;GNL
564;TOCOPILLA-TG3_GNL_INFLEX;326;GNL
565;TOCOPILLA-U16_TG1_GN_A;327;GN
566;TOCOPILLA-U16_TG1_GNL_D;327;GNL
567;TOCOPILLA-U16_TG1_GNL_E;327;GNL
568;TOCOPILLA-U16_TG1_GNL_INFLEX;327;GNL
569;TOCOPILLA-U16_TG1+TV1_GN_A;327;GN
570;TOCOPILLA-U16_TG1+TV1_GNL_D;327;GNL
571;TOCOPILLA-U16_TG1+TV1_GNL_E;327;GNL
572;UJINA-1_HFO;332;fuel-oil
573;UJINA-2_HFO;332;fuel-oil
574;UJINA-3_HFO;332;fuel-oil
575;UJINA-5_HFO;332;fuel-oil
576;VALDIVIA_BL1_COGEN_PINO;333;Cogeneracion
577;VALDIVIA_BL1+BL2_COGEN_EUCA;333;Cogeneracion
578;VALDIVIA_BL1+BL2_COGEN_PINO;333;Cogeneracion
579;VALDIVIA_BL1+BL2+BL3_COGEN_PINO;333;Cogeneracion
580;VALDIVIA_BL1+BL2+BL3+BL4_COGEN_PINO;333;Cogeneracion
581;YUNGAY-1_GNL_A;340;GNL
582;YUNGAY-2_GNL_A;340;GNL
583;YUNGAY-3_GNL_A;340;GNL
584;CMPC Tissue;7;GNL
585;Taltal 1 GNL;315;GNL
586;Taltal 2 GNL;316;GNL
587;Taltal 1 Gas Arg;315;GNL
588;Taltal 2 Gas Arg;316;GNL
589;PMGD TER BIO CRUZ;875;GNL
590;Lipigas Concón;891;GNL
591;HBS-GNL;911;GNL
592;PINARES;933;GNL
593;Tapihue;947;GNL
594;PMGD TER TOMAVAL;949;GNL
595;Candelaria 1 GNL;959;GNL
596;Candelaria 2 GNL;959;GNL
597;Candelaria 1 Gas Arg;959;GNL
598;Candelaria 2 Gas Arg;959;GNL
599;BESS Arica (Inyección);269;bess
600;Loma Los Colorados I;84;Biogas
601;El CAMPESINO I;388;Biogas
602;ANCALI;389;Biogas
603;El Molle;392;Biogas
604;PMGD TER Santa Irene;395;Biogas
605;PMGD Lepanto;917;Biogas
606;Trebal Mapocho;924;Biogas
607;Nueva Aldea Bloque 1 + 3;21;Biomasa
608;Nueva Aldea Bloque 2;21;Biomasa
609;CMPC Santa Fe;343;Biomasa
610;Energía León (Coelemu);391;Biomasa
611;HBS;393;Biomasa
612;Tamm;396;Biomasa
613;PMGD TER LOMAS COLORADAS;390;Biomasa
616;Bocamina;225;Carbon
617;TER IEM;269;Carbon
618;Ventanas 1;334;Carbon
619;PAM;300;Cogeneracion
620;TER PAM;300;Cogeneracion
621;TER ARAUCO MAPA;5;Cogeneracion
622;Chufkén (Traiguén);950;diesel
623;Watts II;953;diesel
624;TER ARICA GMAR;2;diesel
625;TER ARICA M1AR;2;diesel
626;TER ARICA M2AR;2;diesel
627;GMAR;2;diesel
628;M1AR;2;diesel
629;M2AR;2;diesel
630;Nueva Aldea 2;21;diesel
631;Taltal 1 Diésel;315;diesel
632;Taltal 2 Diésel;316;diesel
633;Esperanza U2;72;diesel
634;TER ESPERANZA-DS1;72;diesel
635;Esperanza U3;72;diesel
636;TER ESPERANZA-DS2;72;diesel
637;Esperanza TG;72;diesel
638;TER ESPERANZA-TG1;72;diesel
639;PMGD TER Berlioz;422;diesel
640;El Canelo 1;812;HidroeléctricaPasada
641;PMGD TER Egido;867;diesel
642;PMGD TER AGGREKO;868;diesel
643;Agni;869;diesel
644;PMGD TER Los Álamos;871;diesel
645;Almendrado;872;diesel
646;Aromos;873;diesel
647;Biomar;876;diesel
648;Boldos;878;diesel
649;Calafate;879;diesel
650;Calfuco;880;diesel
651;PRP CAMPESINA;881;diesel
652;PMGD Camping;882;diesel
653;PMGD TER Cañete;883;diesel
654;Casablanca 1;884;diesel
655;Casablanca 2;885;diesel
656;PRP CHIFIN;887;diesel
657;Chillan;888;diesel
658;Chorrillos;889;diesel
659;Ciruelillo;890;diesel
660;Copiulemu;892;diesel
661;Cortés;893;diesel
662;Curacautin;894;diesel
663;Curauma;895;diesel
664;Dagoberto;896;diesel
665;Danisco;897;diesel
666;Deuco;898;diesel
667;Don Pedro;899;diesel
668;Eagon;900;diesel
669;Alerce;901;diesel
670;PMGD Diesel Cerezo;902;diesel
671;El Faro;903;diesel
672;Ermitaño;906;diesel
673;Estancilla;907;diesel
674;Estandartes;908;diesel
675;ETERSOL;909;diesel
676;PRP Gami;910;diesel
677;Doña Javiera;912;diesel
678;PMGD TER DOÑA JAVIERA;912;diesel
679;JCE;913;diesel
680;PMGD TER Lagunitas;914;diesel
681;PRP Las Quemas;915;diesel
682;PMGD TER Lebu;916;diesel
683;Lonquimay;918;diesel
684;PRP LOS NEGROS;919;diesel
685;Los Sauces;920;diesel
686;PRP TAMBORES;921;diesel
687;Louisiana Pacific;922;diesel
688;Louisiana Pacific II;923;diesel
689;MIMBRE;925;diesel
690;Monte Patria;927;diesel
691;PMGD TER MULTIEXPORT;929;diesel
692;Multiexport II;930;diesel
693;PMGD TER ORAFTI;931;diesel
694;Picoltué;932;diesel
695;Punitaqui;934;diesel
696;QUITRALMAN;936;diesel
697;Ramadilla;937;diesel
698;PRP RAPACO;938;diesel
699;Raso Power;939;diesel
700;Rey;940;diesel
701;Río Azul;941;diesel
702;Sepultura;943;diesel
703;Skretting;944;diesel
704;Skretting Osorno;945;diesel
705;Southern;946;diesel
706;PMGD TER Tirúa;948;diesel
707;Trongol-Curanilahue;951;diesel
708;Watts I;952;diesel
709;Yumbel;954;diesel
710;ZAPALLAR;955;diesel
711;Zofri;956;diesel
712;Candelaria 1 Diésel;959;diesel
713;Candelaria 2 Diésel;959;diesel
714;Diego de Almagro;965;Fotovoltaico
715;El Nogal;968;diesel
716;Punta Colorada Diésel;978;diesel
717;TER PUNTA COLORADA (Diésel);978;diesel
718;Punta Colorada IFO;978;fuel-oil
719;TER PUNTA COLORADA (IFO);978;fuel-oil
720;GEO Cerro Pabellón G3A;112;geotermica
721;Cogen. Biobío;303;pet-coke
722;ESCUADRON;3;
723;ARAUCO_MAPA_2;6;Biomasa
724;COMASA;9;Biomasa
725;FPC_1;14;Biomasa
726;ALENA;24;Eolico
727;ARRAYAN;25;Eolico
728;AURORA;26;Eolico
729;BUENOS_AIRES;27;Eolico
730;CABO_LEONES_II;29;Eolico
731;CABO_LEONES_III;30;Eolico
732;CAMPO_LINDO;31;Eolico
733;CANELA_1;32;Eolico
734;CANELA_2;33;Eolico
735;CERROTIGRE;34;Eolico
736;CUEL;35;Eolico
737;LAESTRELLA;36;Eolico
738;LLANOS_DEL_VIENTO;37;Eolico
739;LOMAS_DUQUECO;38;Eolico
740;LOS_CURUROS;39;Eolico
741;MESAMAVIDA;40;Eolico
742;MONTE_REDONDO;41;Eolico
743;NEGRETE;42;Eolico
744;PARQUE_EOLICO_SARCO;43;Eolico
745;PECALAMA;44;Eolico
746;PUNTA_PALMERAS;45;Eolico
747;PUNTA_SIERRA;46;Eolico
748;SAN_JUAN_LAP;47;Eolico
749;SAN_PEDRO;48;Eolico
750;SAN_PEDRO2;49;Eolico
751;SIERRAGORDAE;50;Eolico
752;TALINAY_ORIENTE;51;Eolico
753;TALINAY_PONIENTE;52;Eolico
754;TCHAMMA;54;Eolico
755;VALLEDELOSVIENTOS;55;Eolico
756;AGUILA;56;Fotovoltaico
757;ALMEYDA;57;Fotovoltaico
758;ANDESSOLAR;58;Fotovoltaico
759;ANDESSOLAR2;59;Fotovoltaico
760;ANDESSOLAR2B;60;Fotovoltaico
761;AZABACHE;61;Fotovoltaico
762;BOLERO;62;Fotovoltaico
763;CAMPOS_DE_SOL;63;Fotovoltaico
764;CAPRICORNIO;64;Fotovoltaico
765;CHAÑARES;65;Fotovoltaico
766;CONEJO;66;Fotovoltaico
767;DALMAGRO_SUR;67;Fotovoltaico
768;DOMEYKO;68;Fotovoltaico
769;DONACARMEN;69;Fotovoltaico
770;EL_PELICANO;70;Fotovoltaico
771;EL_ROMERO;71;Fotovoltaico
772;FINISTERRAE;73;Fotovoltaico
773;GPG;74;Fotovoltaico
774;GRANJA_SOLAR;75;Fotovoltaico
775;GUANCHOI;76;Fotovoltaico
776;JAVIERA;77;Fotovoltaico
777;LA_CRUZ_SOLAR;78;Fotovoltaico
778;LAHUAYCA_II;80;Fotovoltaico
779;LALACKAMA1;81;Fotovoltaico
780;LALACKAMA2;82;Fotovoltaico
781;LLANO_DE_LLAMPOS;83;Fotovoltaico
782;LOS_LOROS;85;Fotovoltaico
783;LUZ_DEL_NORTE;86;Fotovoltaico
784;MARGARIDA_I;87;Fotovoltaico
785;MARGARIDA_II;88;Fotovoltaico
786;MARIAELENA;89;Fotovoltaico
787;NUEVA_ATACAMA;90;Fotovoltaico
788;NUEVA_QUILLAGUA;91;Fotovoltaico
789;PALMONTE2;92;Fotovoltaico
790;PALMONTE3;93;Fotovoltaico
791;PAMPA_NORTE;94;Fotovoltaico
792;PAMPATIGRE;95;Fotovoltaico
793;PV_SALVADOR;96;Fotovoltaico
794;QUILAPILUN;97;Fotovoltaico
795;RIO_ESCONDIDO;98;Fotovoltaico
796;SAN_ANDRES2;99;Fotovoltaico
797;SANTIAGO_SOLAR;100;Fotovoltaico
798;SDDESIERTO;101;Fotovoltaico
799;SOL_DE_LOS_ANDES;102;Fotovoltaico
800;SOLAR_CPINTO;103;Fotovoltaico
801;SOLDELILA;104;Fotovoltaico
802;SPIII;105;Fotovoltaico
803;STAISABEL;106;Fotovoltaico
804;TAMAYA;107;Fotovoltaico
805;URIBE;108;Fotovoltaico
806;USYA;109;Fotovoltaico
807;VALLE_ESCONDIDO;110;Fotovoltaico
808;VALLEDELSOL;111;Fotovoltaico
809;ALTO_CACHAPOAL;113;HidroeléctricaPasada
810;MACHICURACGED;128;HidroeléctricaEmbalse
811;ABANICO;140;HidroeléctricaPasada
812;ACONCAGUA_BLANCO;141;HidroeléctricaPasada
813;ACONCAGUA_JUNCAL;142;HidroeléctricaPasada
814;ALFALFAL;143;HidroeléctricaPasada
815;ALFALFAL_II_1;144;HidroeléctricaPasada
816;ALFALFAL_II_2;145;HidroeléctricaPasada
817;ALTORENAICO;146;HidroeléctricaPasada
818;CAPULLO;147;HidroeléctricaPasada
819;CARENA;148;HidroeléctricaPasada
820;CARILAFQUEN_U1;149;HidroeléctricaPasada
821;CARILAFQUEN_U2;150;HidroeléctricaPasada
822;CHACABUQUITO;151;HidroeléctricaPasada
823;CHACAYES_MINEROS;152;HidroeléctricaPasada
824;CHACAYES1;153;HidroeléctricaPasada
825;CHACAYES2;154;HidroeléctricaPasada
826;CHAPIQUINA;155;HidroeléctricaPasada
827;CHIBURGO;156;HidroeléctricaPasada
828;CONFLUENCIA;157;HidroeléctricaPasada
829;CONVIEJO;158;HidroeléctricaPasada
830;CURILLINQUE;159;HidroeléctricaPasada
831;DIGUA;160;HidroeléctricaPasada
832;EANCOA;161;HidroeléctricaPasada
833;ELPASO;162;HidroeléctricaPasada
834;FLORIDA_1;163;HidroeléctricaPasada
835;FLORIDA_2;164;HidroeléctricaPasada
836;FLORIDA_3;165;HidroeléctricaPasada
837;GUAYACAN;166;HidroeléctricaPasada
838;HIGUERAS;167;HidroeléctricaPasada
839;ISLA1;168;HidroeléctricaPasada
840;ISLA2;169;HidroeléctricaPasada
841;ITATA;170;HidroeléctricaPasada
842;LAJA I;171;HidroeléctricaPasada
843;LAMINA;172;HidroeléctricaPasada
844;LAS_LAJAS_1;173;HidroeléctricaPasada
845;LAS_LAJAS_2;174;HidroeléctricaPasada
846;LICAN;175;HidroeléctricaPasada
847;LIRCAY;176;HidroeléctricaPasada
848;LOMAALTA;177;HidroeléctricaPasada
849;LOS_HIERROS_II;178;HidroeléctricaPasada
850;LOS_HIERROS_U1;179;HidroeléctricaPasada
851;LOS_HIERROS_U2;180;HidroeléctricaPasada
852;LOS_MOLLES;181;HidroeléctricaPasada
853;LOS_QUILOS_U1;182;HidroeléctricaPasada
854;LOS_QUILOS_U2;183;HidroeléctricaPasada
855;LOS_QUILOS_U3;184;HidroeléctricaPasada
856;MAITENES;185;HidroeléctricaPasada
857;MALALCAHUELLO_U1;186;HidroeléctricaPasada
858;MALALCAHUELLO_U2;187;HidroeléctricaPasada
859;MAMPIL;188;HidroeléctricaPasada
860;OJOS_DE_AGUA;189;HidroeléctricaPasada
861;PALMUCHO;190;HidroeléctricaPasada
862;PEUCHEN;191;HidroeléctricaPasada
863;PILMAIQUEN_U1;192;HidroeléctricaPasada
864;PILMAIQUEN_U2;193;HidroeléctricaPasada
865;PILMAIQUEN_U3;194;HidroeléctricaPasada
866;PILMAIQUEN_U4;195;HidroeléctricaPasada
867;PILMAIQUEN_U5;196;HidroeléctricaPasada
868;PULLINQUE_U1;197;HidroeléctricaPasada
869;PULLINQUE_U2;198;HidroeléctricaPasada
870;PULLINQUE_U3;199;HidroeléctricaPasada
871;QUELTEHUES;200;HidroeléctricaPasada
872;QUILLECO1;201;HidroeléctricaPasada
873;QUILLECO2;202;HidroeléctricaPasada
874;RIOCOLORADO;203;HidroeléctricaPasada
875;RUCATAYO;204;HidroeléctricaPasada
876;RUCUE1;205;HidroeléctricaPasada
877;RUCUE2;206;HidroeléctricaPasada
878;S.IGNACIO;207;HidroeléctricaPasada
879;SAN_CLEMENTE;208;HidroeléctricaPasada
880;SAUZAL_MINEROS;209;HidroeléctricaPasada
881;SAUZAL1_SLTO1;210;HidroeléctricaPasada
882;SAUZAL2;211;HidroeléctricaPasada
883;SAUZALITO;212;HidroeléctricaPasada
884;VOLCAN;213;HidroeléctricaPasada
885;LA_FLOR;214;Eolico
886;MALLECO_AB;215;Eolico
887;MALLECO_SYS;216;Eolico
888;OLMOS;217;Eolico
889;PUELCHE_SUR;218;Eolico
890;SAN_GABRIEL;219;Eolico
891;TOLPAN;220;Eolico
892;QBLANCA;221;
893;CTM3TV_TEN;256;Termica
894;CTTAR;257;Termica
895;ESPERANZA_3;264;Termica
896;LOS_VIENTOS_NAVIA;279;Termica
897;NEHUENCO9BB_GNL;288;GNL
898;NEWEN_GNA;290;GN
899;NEWEN_PRO;292;Termica
900;PUNTILLA;304;HidroeléctricaPasada
901;SALTA;308;Termica
902;TOCOPILLA_U16;327;Diesel
903;TV1C;330;Termica
904;TV2C;331;Termica
905;VENTANAS_1B;335;Termica
906;VENTANAS_2B;337;Termica
907;VENTANAS_T4;338;Termica
908;VENTANAS_TP;339;Termica
909;HUATACONDO;341;Fotovoltaico
910;PAMPA_CAMARONES;342;Fotovoltaico
911;LEBU_CRISTORO;344;Eolico
912;MAITEN;345;Eolico
913;UCUQUER_2;346;Eolico
914;ANTAY;347;Fotovoltaico
915;CASTILLA;348;Fotovoltaico
916;DELDESIERTO;349;Fotovoltaico
917;EL_PILAR;350;Fotovoltaico
918;LA_SILLA;351;Fotovoltaico
919;LOS_ANDES;352;Fotovoltaico
920;PILOTO_SOLAR_CARDONES;353;Fotovoltaico
921;PSS;354;Fotovoltaico
922;SDN;355;Fotovoltaico
923;SOLAIRE_DIRECT_1;356;Fotovoltaico
924;TENO_SOLAR;357;Fotovoltaico
925;AILLIN;358;HidroeléctricaPasada
926;CALLAO;359;HidroeléctricaPasada
927;CORRALES;360;HidroeléctricaPasada
928;CORRENTOSO;361;HidroeléctricaPasada
929;CUMBRES;362;HidroeléctricaPasada
930;DOS_VALLES;363;HidroeléctricaPasada
931;EL_MOCHO;364;HidroeléctricaPasada
932;EL_PINAR;365;HidroeléctricaPasada
933;LLEUQUEREO;366;HidroeléctricaPasada
934;NALCAS;367;HidroeléctricaPasada
935;PALACIOS;368;HidroeléctricaPasada
936;PALMAR;369;HidroeléctricaPasada
937;PIEDRAS_NEGRAS;370;HidroeléctricaPasada
938;PROVIDENCIA;371;HidroeléctricaPasada
939;PTA_VIENTOS;372;HidroeléctricaPasada
940;PULELFU;373;HidroeléctricaPasada
941;RINCON;374;HidroeléctricaPasada
942;RIO_HUASCO;375;HidroeléctricaPasada
943;RIO_PICOIQUEN;376;HidroeléctricaPasada
944;LA_ESPERANZA;384;Eolico
945;MARIPOSAS;385;HidroeléctricaPasada
946;CLCOLORADAS;390;Biomasa
947;ARREBOL;397;Eolico
948;HUAJACHE;398;Eolico
949;LAS_PENAS;399;Eolico
950;LEBU_III_CRISTORO;400;Eolico
951;RAKI;401;Eolico
952;UCUQUER;402;Eolico
953;ALBOR_SOLAR;403;Fotovoltaico
954;ALCALDESA;404;Fotovoltaico
955;ALCON_SOLAR;405;Fotovoltaico
956;ALHUE;406;Fotovoltaico
957;ALICAHUE;407;Fotovoltaico
958;ALTURAS_OVALLE;408;Fotovoltaico
959;AMPARO_DEL_SOL;409;Fotovoltaico
960;ANAKENA;410;Fotovoltaico
961;ANTONIA_SOLAR;411;Fotovoltaico
962;ARGOMEDO;412;Fotovoltaico
963;ARIZTIA;413;Fotovoltaico
964;ARMAZONES;414;Fotovoltaico
965;AROMO_DE_VERANO;415;Fotovoltaico
966;ASTILLAS;416;Fotovoltaico
967;AVEL_SOLAR;417;Fotovoltaico
968;AVILES;418;Fotovoltaico
969;BELLAVISTA;419;Fotovoltaico
970;BELLAVISTA1;420;Fotovoltaico
971;BERGAMO;421;Fotovoltaico
972;BERRUECO;423;Fotovoltaico
973;BICENTENARIO;424;Fotovoltaico
974;BLANQUINA;425;Fotovoltaico
975;BULNES_LOS_BARONES;426;Fotovoltaico
976;CABILDO_SUNLIGHT;427;Fotovoltaico
977;CABILSOL;428;Fotovoltaico
978;CACHIYUYO_ALIM PABELLON;429;Fotovoltaico
979;CAIMI;430;Fotovoltaico
980;CANELILLO;431;Fotovoltaico
981;CANESA;432;Fotovoltaico
982;CANTERA;433;Fotovoltaico
983;CANTILLANA;434;Fotovoltaico
984;CAÑONES_SUNLIGHT;435;Fotovoltaico
985;CARACAS;436;Fotovoltaico
986;CARACOLES;437;Fotovoltaico
987;CAS1;438;Fotovoltaico
988;CASA_BERMEJA;439;Fotovoltaico
989;CASAS_BLANCAS;440;Fotovoltaico
990;CASUTO;441;Fotovoltaico
991;CATAN;442;Fotovoltaico
992;CATEMUSPA;443;Fotovoltaico
993;CAUQUENES;444;Fotovoltaico
994;CHACABUCO;445;Fotovoltaico
995;CHALINGA_SOLAR;446;Fotovoltaico
996;CHANCON;447;Fotovoltaico
997;CHAPEANA;448;Fotovoltaico
998;CHIMBARONGO;449;Fotovoltaico
999;CHINCOL;450;Fotovoltaico
1000;CHUCHINI;451;Fotovoltaico
1001;CINTAC;452;Fotovoltaico
1002;CIPRES;453;Fotovoltaico
1003;CITRINO;454;Fotovoltaico
1004;CKILIR;455;Fotovoltaico
1005;CLARGA;456;Fotovoltaico
1006;COCHARCAS;457;Fotovoltaico
1007;COCINILLAS;458;Fotovoltaico
1008;COINCO;459;Fotovoltaico
1009;COLCHAGUA;460;Fotovoltaico
1010;CONDOR_CHEPICA;461;Fotovoltaico
1011;CONDOR_PELVIN;462;Fotovoltaico
1012;CONDOR_PETORCA;463;Fotovoltaico
1013;CORDILLERILLA;464;Fotovoltaico
1014;CORTIJO;465;Fotovoltaico
1015;COVADONGA;466;Fotovoltaico
1016;CRUCERO;467;Fotovoltaico
1017;CRUZ_SOLAR;468;Fotovoltaico
1018;CURACAVI;469;Fotovoltaico
1019;CURICURA;470;Fotovoltaico
1020;CUZCUZ;471;Fotovoltaico
1021;DADINCO;472;Fotovoltaico
1022;DALMAGROSOLAR;473;Fotovoltaico
1023;DARLIN_SOLAR;474;Fotovoltaico
1024;DIVISADERO;475;Fotovoltaico
1025;DON_ANDRONICO;476;Fotovoltaico
1026;DON_ENRIQUE;477;Fotovoltaico
1027;DON_EUGENIO;478;Fotovoltaico
1028;DON_JORGE;479;Fotovoltaico
1029;DON_MARIANO;480;Fotovoltaico
1030;DON_MARTIN;481;Fotovoltaico
1031;DON_RODRIGO;482;Fotovoltaico
1032;DONIHUE;483;Fotovoltaico
1033;DUQUECO_SOLAR;484;Fotovoltaico
1034;EATT;485;Fotovoltaico
1035;ECLIPSE_SOLAR;486;Fotovoltaico
1036;EL_BOCO;487;Fotovoltaico
1037;EL_CASTANO;488;Fotovoltaico
1038;EL_CERNICALO_I;489;Fotovoltaico
1039;EL_CERNICALO_II;490;Fotovoltaico
1040;EL_CHUCAO;491;Fotovoltaico
1041;EL_CONDOR;492;Fotovoltaico
1042;EL_HUASO;493;Fotovoltaico
1043;EL_INGENIO;494;Fotovoltaico
1044;EL_MONTE;495;Fotovoltaico
1045;EL_PAICO;496;Fotovoltaico
1046;EL_PASO;497;Fotovoltaico
1047;EL_PIUQUEN;498;Fotovoltaico
1048;EL_QUELTEHUE;499;Fotovoltaico
1049;EL_QUEMADO;500;Fotovoltaico
1050;EL_QUEULE;501;Fotovoltaico
1051;EL_RESPLANDOR;502;Fotovoltaico
1052;EL_ROBLE;503;Fotovoltaico
1053;EL_SALITRAL;504;Fotovoltaico
1054;EL_SAUCE;505;Fotovoltaico
1055;EL_SAUCE_(GUADALUPE);506;Fotovoltaico
1056;EL_SHARON;507;Fotovoltaico
1057;EL_TIUQUE;508;Fotovoltaico
1058;ELPITIO;509;Fotovoltaico
1059;ELRANGUIL;510;Fotovoltaico
1060;EMILIO_SOLAR;511;Fotovoltaico
1061;ENCINO;512;Fotovoltaico
1062;ENCON;513;Fotovoltaico
1063;ERINOME;514;Fotovoltaico
1064;ESCORIAL;515;Fotovoltaico
1065;ESFENA;516;Fotovoltaico
1066;FARAMALLA;517;Fotovoltaico
1067;FARDELA;518;Fotovoltaico
1068;FILOMENA_SOLAR;519;Fotovoltaico
1069;FLAMENCO;520;Fotovoltaico
1070;FRANCISCO;521;Fotovoltaico
1071;FULGOR;522;Fotovoltaico
1072;G_EL_ESTERO;523;Fotovoltaico
1073;G_PORTEZUELO;524;Fotovoltaico
1074;G_RINCONADA;525;Fotovoltaico
1075;GABARDO;526;Fotovoltaico
1076;GORRIONES;527;Fotovoltaico
1077;GRANADA;528;Fotovoltaico
1078;GRANATE;529;Fotovoltaico
1079;GUADALAO;530;Fotovoltaico
1080;GUANACO_SOLAR;531;Fotovoltaico
1081;GUARANA;532;Fotovoltaico
1082;HOMERO;533;Fotovoltaico
1083;HORIZONTE;534;Fotovoltaico
1084;HORMIGA;535;Fotovoltaico
1085;HUAPE;536;Fotovoltaico
1086;HUAQUELON;537;Fotovoltaico
1087;ICB;538;Fotovoltaico
1088;IDAHUE_DEL_VERANO;539;Fotovoltaico
1089;ILLAPEL;540;Fotovoltaico
1090;ILLAPEL_5X;541;Fotovoltaico
1091;ITAHUE_SOLAR;542;Fotovoltaico
1092;ITIHUE;543;Fotovoltaico
1093;JAHUEL;544;Fotovoltaico
1094;JAURURO;545;Fotovoltaico
1095;JAVIERA_CARRERA;546;Fotovoltaico
1096;KAUFMANN;547;Fotovoltaico
1097;KONDA;548;Fotovoltaico
1098;LA_CHIMBA;549;Fotovoltaico
1099;LA_COLONIA;550;Fotovoltaico
1100;LA_ESPERANZA_II;551;Fotovoltaico
1101;LA_ESTANCIA;552;Fotovoltaico
1102;LA_FORESTA;553;Fotovoltaico
1103;LA_FRONTERA;554;Fotovoltaico
1104;LA_LIGUA;555;Fotovoltaico
1105;LA_MANGA_I;556;Fotovoltaico
1106;LA_PALMA;557;Fotovoltaico
1107;LA_SANTA_ROSA;558;Fotovoltaico
1108;LA_VICTORIA;559;Fotovoltaico
1109;LAACACIA;560;Fotovoltaico
1110;LAGUNILLA;561;Fotovoltaico
1111;LALAJUELA;562;Fotovoltaico
1112;LAS TORCAZAS;563;Fotovoltaico
1113;LAS_ARAUCARIAS;564;Fotovoltaico
1114;LAS_CABRAS;565;Fotovoltaico
1115;LAS_CACHANAS;566;Fotovoltaico
1116;LAS_CATITAS;567;Fotovoltaico
1117;LAS_CHACRAS;568;Fotovoltaico
1118;LAS_CODORNICES;569;Fotovoltaico
1119;LAS_LECHUZAS;570;Fotovoltaico
1120;LAS_MAJADAS;571;Fotovoltaico
1121;LAS_MERCEDES_I;572;Fotovoltaico
1122;LAS_PALMAS;573;Fotovoltaico
1123;LAS_PERDICES;574;Fotovoltaico
1124;LAS_ROJAS;575;Fotovoltaico
1125;LAS_TENCAS;576;Fotovoltaico
1126;LAS_TERRAZAS;577;Fotovoltaico
1127;LAS_TORTOLAS;578;Fotovoltaico
1128;LAS_TORTOLAS_DEL_VERANO;579;Fotovoltaico
1129;LAS_TURCAS;580;Fotovoltaico
1130;LAURELITO;581;Fotovoltaico
1131;LEMU;582;Fotovoltaico
1132;LIMA;583;Fotovoltaico
1133;LINARES_SOLAR;584;Fotovoltaico
1134;LINGUE;585;Fotovoltaico
1135;LIPANGUE;586;Fotovoltaico
1136;LIQUIDAMBAR;587;Fotovoltaico
1137;LIRIO_DE_CAMPO;588;Fotovoltaico
1138;LITORAL_SUNLIGHT;589;Fotovoltaico
1139;LITRE_SOLAR_II;590;Fotovoltaico
1140;LLANOS_POTROSO;591;Fotovoltaico
1141;LLAYLLAY;592;Fotovoltaico
1142;LLIU_LLIU;593;Fotovoltaico
1143;LO_BOZA;594;Fotovoltaico
1144;LO_CHACON;595;Fotovoltaico
1145;LO_SIERRA;596;Fotovoltaico
1146;LOCKMA;597;Fotovoltaico
1147;LOICA;598;Fotovoltaico
1148;LORETO_SOLAR;600;Fotovoltaico
1149;LOS_GIRASOLES;601;Fotovoltaico
1150;LOS_JOTES;602;Fotovoltaico
1151;LOS_LAGOS;603;Fotovoltaico
1152;LOS_LIBERTADORES;604;Fotovoltaico
1153;LOS_LIRIOS;605;Fotovoltaico
1154;LOS_MAGNOLIOS_SOLAR;606;Fotovoltaico
1155;LOS_MOLINOS;607;Fotovoltaico
1156;LOS_PALTOS;608;Fotovoltaico
1157;LOS_PERALES;609;Fotovoltaico
1158;LOS_TAURETES;610;Fotovoltaico
1159;LOS_TILOS;611;Fotovoltaico
1160;LOS_TORDOS;612;Fotovoltaico
1161;LUCE_SOLAR;613;Fotovoltaico
1162;LUDERS;614;Fotovoltaico
1163;LUMBRERAS;615;Fotovoltaico
1164;LUNA;616;Fotovoltaico
1165;LUNA_DEL_NORTE;617;Fotovoltaico
1166;MALAQUITA_ALIM HORNITOS;618;Fotovoltaico
1167;MALINKE;619;Fotovoltaico
1168;MANAO;620;Fotovoltaico
1169;MANGA_SOLAR;621;Fotovoltaico
1170;MARAMBIO;622;Fotovoltaico
1171;MARCHIGUE_II;623;Fotovoltaico
1172;MARCHIHUE_VII;624;Fotovoltaico
1173;MARIA_PINTO;625;Fotovoltaico
1174;MARIN;626;Fotovoltaico
1175;MECO;627;Fotovoltaico
1176;MELI;628;Fotovoltaico
1177;MEMBRILLO;629;Fotovoltaico
1178;MERCURIO_SUR;630;Fotovoltaico
1179;MILAN_A;631;Fotovoltaico
1180;MITCHI;632;Fotovoltaico
1181;MOLLACAS;633;Fotovoltaico
1182;MONTT_SOLAR;634;Fotovoltaico
1183;MOSTAZAL;635;Fotovoltaico
1184;MOYA;636;Fotovoltaico
1185;MURALLA;637;Fotovoltaico
1186;MUTUPIN;638;Fotovoltaico
1187;NAHUEN;639;Fotovoltaico
1188;NAN;640;Fotovoltaico
1189;NANCAGUA;641;Fotovoltaico
1190;NAZARINO_DE_VERANO_SOLAR;642;Fotovoltaico
1191;NEWENTUN;643;Fotovoltaico
1192;NIHUE;644;Fotovoltaico
1193;NILHUE;645;Fotovoltaico
1194;NILO_GABRIELA;646;Fotovoltaico
1195;NIQUEN;647;Fotovoltaico
1196;NORTE_CHICO_I;648;Fotovoltaico
1197;OCOA;649;Fotovoltaico
1198;OLIVAR;650;Fotovoltaico
1199;OLIVILLO;651;Fotovoltaico
1200;ORION;652;Fotovoltaico
1201;OVALLE_NORTE;653;Fotovoltaico
1202;OVEJERIA;654;Fotovoltaico
1203;PACHIRA;655;Fotovoltaico
1204;PAINE;656;Fotovoltaico
1205;PALMONTE1;657;Fotovoltaico
1206;PALOMAS;658;Fotovoltaico
1207;PALTO_SUNLIGHT;659;Fotovoltaico
1208;PANGUI_AEROPUERTO;660;Fotovoltaico
1209;PANQUEHUE_II;661;Fotovoltaico
1210;PARAGUAY;662;Fotovoltaico
1211;PARANAL;663;Fotovoltaico
1212;PARQUE_VALPARAISO;664;Fotovoltaico
1213;PASTRAN;665;Fotovoltaico
1214;PATOS;666;Fotovoltaico
1215;PEDREROS;667;Fotovoltaico
1216;PEGASUS;668;Fotovoltaico
1217;PENALOLEN;669;Fotovoltaico
1218;PENCAHUE_ESTE;670;Fotovoltaico
1219;PEPA_SOLAR;671;Fotovoltaico
1220;PEQUEN;672;Fotovoltaico
1221;PERALILLO;673;Fotovoltaico
1222;PEUMO;674;Fotovoltaico
1223;PICA;675;Fotovoltaico
1224;PICUNCHE;676;Fotovoltaico
1225;PICURIO;677;Fotovoltaico
1226;PIDUCO;678;Fotovoltaico
1227;PILPEN;679;Fotovoltaico
1228;PILPILEN;680;Fotovoltaico
1229;PIQUERO;681;Fotovoltaico
1230;PIRQUE;682;Fotovoltaico
1231;PITAO;683;Fotovoltaico
1232;PITRA;684;Fotovoltaico
1233;PLACILLA_SOLAR;685;Fotovoltaico
1234;PLAYERITO;686;Fotovoltaico
1235;PLAYERO;687;Fotovoltaico
1236;PLAYERON;688;Fotovoltaico
1237;PLAZUELA;689;Fotovoltaico
1238;PLOMO_DE_VERANO;690;Fotovoltaico
1239;POBLACION;691;Fotovoltaico
1240;PRETTY_FIELD;692;Fotovoltaico
1241;PUANGUE;693;Fotovoltaico
1242;PUELCHE;694;Fotovoltaico
1243;PUENTE;695;Fotovoltaico
1244;PULLALLI;696;Fotovoltaico
1245;PUNTA_BAJA;697;Fotovoltaico
1246;PUQUIOS;698;Fotovoltaico
1247;PV_PITOTOY;699;Fotovoltaico
1248;PV_QUELTEHE;700;Fotovoltaico
1249;QUETENA;701;Fotovoltaico
1250;QUILLAY;702;Fotovoltaico
1251;QUINANTU;703;Fotovoltaico
1252;QUINTA_SOLAR;704;Fotovoltaico
1253;RAULI;705;Fotovoltaico
1254;RAUQUEN;706;Fotovoltaico
1255;RDCL_SAN;707;Fotovoltaico
1256;RECOLETA;708;Fotovoltaico
1257;REXNER_SOLAR;709;Fotovoltaico
1258;RINCONADA;710;Fotovoltaico
1259;RINCONADA_ALCONES;711;Fotovoltaico
1260;RIO_PEUCO;712;Fotovoltaico
1261;RLA_SOLAR;713;Fotovoltaico
1262;RODEO;714;Fotovoltaico
1263;ROMERAL;715;Fotovoltaico
1264;ROMERIA;716;Fotovoltaico
1265;ROVIAN;717;Fotovoltaico
1266;SALERNO_SOLAR;718;Fotovoltaico
1267;SAN_ANTONIO;719;Fotovoltaico
1268;SAN_CAMILO;720;Fotovoltaico
1269;SAN_CARLOS;721;Fotovoltaico
1270;SAN_FRANCISCO;722;Fotovoltaico
1271;SAN_ISIDRO;723;Fotovoltaico
1272;SAN_JOSE_II;724;Fotovoltaico
1273;SAN_PEDRO_GR;725;Fotovoltaico
1274;SAN_RAMIRO;726;Fotovoltaico
1275;SANTA_ADRIANA;727;Fotovoltaico
1276;SANTA_AMELIA;728;Fotovoltaico
1277;SANTA_CECILIA;729;Fotovoltaico
1278;SANTA_CLARA;730;Fotovoltaico
1279;SANTA_CRUZ;731;Fotovoltaico
1280;SANTA_ELIZABETH;732;Fotovoltaico
1281;SANTA_EMILIA;733;Fotovoltaico
1282;SANTA_ESTER;734;Fotovoltaico
1283;SANTA_FRANCISCA;735;Fotovoltaico
1284;SANTA_INES_SOLAR;736;Fotovoltaico
1285;SANTA_LAURA;737;Fotovoltaico
1286;SANTA_LUISA;738;Fotovoltaico
1287;SANTA_MARGARITA;739;Fotovoltaico
1288;SANTA_RITA;740;Fotovoltaico
1289;SANTALAURA;741;Fotovoltaico
1290;SANTUARIO_SOLAR;742;Fotovoltaico
1291;SATURNO;743;Fotovoltaico
1292;SLK_CB9;744;Fotovoltaico
1293;SOL_DE_SEPTIEMBRE;745;Fotovoltaico
1294;SOL_DEL_NORTE;746;Fotovoltaico
1295;SOLAR_TORINO;747;Fotovoltaico
1296;SOLSTAINES;748;Fotovoltaico
1297;STA_CAROLINA;749;Fotovoltaico
1298;STAJULIA;750;Fotovoltaico
1299;SUNHUNTER;751;Fotovoltaico
1300;TABOLANGO;752;Fotovoltaico
1301;TALCA;753;Fotovoltaico
1302;TALHUEN;754;Fotovoltaico
1303;TAMARUGO;755;Fotovoltaico
1304;TAMBO_REAL;756;Fotovoltaico
1305;TARANTO;757;Fotovoltaico
1306;TECHOS_DE_ALTAMIRA;758;Fotovoltaico
1307;TIERRA;759;Fotovoltaico
1308;TILTIL;760;Fotovoltaico
1309;TREBAL_SOLAR;761;Fotovoltaico
1310;TREBO;762;Fotovoltaico
1311;TRICA_DOS;763;Fotovoltaico
1312;TRICAHUE2;764;Fotovoltaico
1313;TRINIDAD;765;Fotovoltaico
1314;TUCUQUERE;766;Fotovoltaico
1315;UTFSM_VALPARAISO;767;Fotovoltaico
1316;UTFSM_VINADELMAR;768;Fotovoltaico
1317;UTFSM_VITACURA;769;Fotovoltaico
1318;VALLE_LUNA_2;770;Fotovoltaico
1319;VALLE_SOLAR_ESTE_2;771;Fotovoltaico
1320;VALLE_SOLAR_OESTE_2;772;Fotovoltaico
1321;VENTISQUERO;773;Fotovoltaico
1322;VENTURADA;774;Fotovoltaico
1323;VICENTE;775;Fotovoltaico
1324;VICTORIA;776;Fotovoltaico
1325;VILLA_ALEGRE;777;Fotovoltaico
1326;VILLA_CRUZ;778;Fotovoltaico
1327;VILLA_MOSCOSO;779;Fotovoltaico
1328;VILLAPRAT;780;Fotovoltaico
1329;VILLASECA;781;Fotovoltaico
1330;VILLASOLAR;782;Fotovoltaico
1331;VITUCO;783;Fotovoltaico
1332;ZORZAL;784;Fotovoltaico
1333;ALLIPEN;785;HidroeléctricaPasada
1334;ARRAYAN II;786;HidroeléctricaPasada
1335;ATAJO;787;HidroeléctricaPasada
1336;BOQUIAMARGO;788;HidroeléctricaPasada
1337;BUREO;789;HidroeléctricaPasada
1338;CAEMSA;790;HidroeléctricaPasada
1339;CALIBORO;791;HidroeléctricaPasada
1340;CHANLEUFU;792;HidroeléctricaPasada
1341;CHELMANZANO;793;HidroeléctricaPasada
1342;CHILCO;794;HidroeléctricaPasada
1343;COLLIL;795;HidroeléctricaPasada
1344;COLORADO;796;HidroeléctricaPasada
1345;CONTRA;797;HidroeléctricaPasada
1346;CORRALES II;798;HidroeléctricaPasada
1347;CORRALES SE II;799;HidroeléctricaPasada
1348;COSAPILLA;800;HidroeléctricaPasada
1349;CUMPEO;801;HidroeléctricaPasada
1350;CURILEUFU;802;HidroeléctricaPasada
1351;CURILEUFU_II;803;HidroeléctricaPasada
1352;DIUTO;804;HidroeléctricaPasada
1353;DON WALTERIO;805;HidroeléctricaPasada
1354;DONA_HILDA;806;HidroeléctricaPasada
1355;DONGO;807;HidroeléctricaPasada
1356;DONGUIL;808;HidroeléctricaPasada
1357;DOSAL;809;HidroeléctricaPasada
1358;EL_AGRIO;810;HidroeléctricaPasada
1359;EL_BRINCO;811;HidroeléctricaPasada
1360;EL_GALPON;813;HidroeléctricaPasada
1361;EL_LLANO;814;HidroeléctricaPasada
1362;EL_MIRADOR;815;HidroeléctricaPasada
1363;EL_TARTARO;816;HidroeléctricaPasada
1364;ENSENADA;817;HidroeléctricaPasada
1365;EYZAGUIRRE;818;HidroeléctricaPasada
1366;G_LA_COMPANIA_II;819;HidroeléctricaPasada
1367;HIDROBONITO1;820;HidroeléctricaPasada
1368;HIDROBONITO2;821;HidroeléctricaPasada
1369;HIDROBONITO3;822;HidroeléctricaPasada
1370;JUNCALITO;823;HidroeléctricaPasada
1371;LA ARENA;824;HidroeléctricaPasada
1372;LA_BIFURCADA;825;HidroeléctricaPasada
1373;LA_MONTANA_1;826;HidroeléctricaPasada
1374;LA_MONTANA_2;827;HidroeléctricaPasada
1375;LA_PALOMA;828;HidroeléctricaPasada
1376;LAS_FLORES;829;HidroeléctricaPasada
1377;LAS_VERTIENTES;830;HidroeléctricaPasada
1378;LAS_VINAS;831;HidroeléctricaPasada
1379;LOS PADRES;832;HidroeléctricaPasada
1380;LOS_BAJOS;833;HidroeléctricaPasada
1381;LOS_COLONOS;834;HidroeléctricaPasada
1382;LOS_MORROS;835;HidroeléctricaPasada
1383;LOS_PORTONES;836;HidroeléctricaPasada
1384;MAISAN;837;HidroeléctricaPasada
1385;MALLARAUCO;838;HidroeléctricaPasada
1386;MANZANO;839;HidroeléctricaPasada
1387;MARIA ELENA;840;HidroeléctricaPasada
1388;MCARRAYAN;841;HidroeléctricaPasada
1389;MELO;842;HidroeléctricaPasada
1390;MOLINERA_VILLARRICA;843;HidroeléctricaPasada
1391;MSA1;844;HidroeléctricaPasada
1392;MUCHI;845;HidroeléctricaPasada
1393;MUNILQUE1;846;HidroeléctricaPasada
1394;MUNILQUE2;847;HidroeléctricaPasada
1395;PANGUIPULLI;848;HidroeléctricaPasada
1396;PEHUI II;849;HidroeléctricaPasada
1397;PICHILONCO II;850;HidroeléctricaPasada
1398;PIUTEL;851;HidroeléctricaPasada
1399;PUCLARO;852;HidroeléctricaPasada
1400;PURISIMA;853;HidroeléctricaPasada
1401;QUILLAILEO;854;HidroeléctricaPasada
1402;RECA;855;HidroeléctricaPasada
1403;RIOMULCHEN;856;HidroeléctricaPasada
1404;ROBLERIA;857;HidroeléctricaPasada
1405;SANTA ISABEL;858;HidroeléctricaPasada
1406;SANTA_ELENA;859;HidroeléctricaPasada
1407;SAUCE_ANDES;860;HidroeléctricaPasada
1408;TRAILELFU;861;HidroeléctricaPasada
1409;TRANQUIL;862;HidroeléctricaPasada
1410;TRUENO;863;HidroeléctricaPasada
1411;TRUFUL;864;HidroeléctricaPasada
1412;TRUFUL_LICAN;865;HidroeléctricaPasada
1413;MANDINGA_I;866;Fotovoltaico
1414;AHOSPICIO;870;HidroeléctricaPasada
1415;BIO_LOS_PINOS;874;Diesel
1416;BLUGATE;877;Diesel
1417;CAVANCHA;886;HidroeléctricaPasada
1418;ELCANELO_2;904;Termica
1419;ELCANELO1;905;Diesel
1420;MOLINA;926;Termica
1421;MOSTOS_PACIFICO;928;Diesel
1422;QUEMCHI;935;Diesel
1423;SANTAROSA;942;HidroeléctricaPasada
1424;ANDES;957;bess
1425;CANDELARIA;960;Fotovoltaico
1426;CERRODOMINADOR;962;Fotovoltaico
1427;COYA Fotovoltaico;963;Fotovoltaico
1428;COYA HidroeléctricaPasada;964;HidroeléctricaPasada
1429;EL_NOGAL D;968;Diesel
1430;ELTORO2;970;HidroeléctricaPasada
1431;HORNITOS HidroeléctricaPasada;971;HidroeléctricaPasada
1432;HORNITOS Fotovoltaico;972;Fotovoltaico
1433;MACHICURA HidroeléctricaEmbalse;973;HidroeléctricaEmbalse
1434;MACHICURA Fotovoltaico;974;Fotovoltaico
1435;NUEVA_ALDEA1;976;Termica
1436;RENAICO Eolico;979;Eolico
1437;RENAICO HidroeléctricaPasada;980;HidroeléctricaPasada
1438;SAN_ANDRES Fotovoltaico;981;Fotovoltaico
1439;SAN_ANDRES HidroeléctricaPasada;982;HidroeléctricaPasada
1440;SANTA_FE;984;Fotovoltaico
1441;SOLAR_PACK_V.ALEMANA 1;985;Fotovoltaico
1443;TOTORAL;987;Eolico
1444;LAGUNA_VERDE_TG;989;Termica
1445;MINERA_GABY;990;
1446;TE_IQUIQUE;991;Termica
1447;CTSALAR;992;Termica
1448;ELIQSA;993;Termica
1449;KELAR-TG12_TG1+TG2+TV1_GNL_D;272;GNL
1450;KELAR-TG1_TG1_GNL_D;271;GNL
1451;KELAR-TG2_TG2_GNL_D;272;GNL
1452;KELAR-TG2_TG2+0.5TV_GNL_D;272;GNL
1453;KELAR-TG1_TG1+0.5TV_GNL_D;271;GNL
1454;SAMO_BAJO;1008;Fotovoltaico
1455;LAS_GOLONDRINAS;994;Fotovoltaico
1456;CHAMPA;997;Fotovoltaico
1457;TOCOPILLA_U14_U15;1004;Carbon
1458;IBERATACAMA;1003;Eolico
1459;CONCON;1007;Fotovoltaico
1460;COLTAUCO_ALMENDRO;999;Fotovoltaico
1461;AYLA;1002;Fotovoltaico
1462;EL_PICHON;1000;Fotovoltaico
1463;RATULEMUS;995;Fotovoltaico
1464;ROSARIO;1001;Fotovoltaico
1465;JOTABECHE;1006;Fotovoltaico
1466;LAS_BANDURRIAS;996;Fotovoltaico
1467;MARANON_II;1010;Fotovoltaico
1468;MESETA_ANDES;1005;Fotovoltaico
1469;MAIKONO;1009;Fotovoltaico
1470;TIGRE;998;Diesel
1471;elviengnl;278;GNL
1472;elviengn;278;GN
1473;COLINA;1011;Fotovoltaico
1474;CIPRESES_vcolb;121;HidroeléctricaEmbalse
1475;CIPRESES_vcolb_curi;121;HidroeléctricaEmbalse
1476;CIPRESES_vcolb_curi_loma;121;HidroeléctricaEmbalse
1477;CIPRESES_vcolb_isla;121;HidroeléctricaEmbalse
1478;CIPRESES_vcolb_isla_curi_loma;121;HidroeléctricaEmbalse
1479;CIPRESES_vcolb_loma;121;HidroeléctricaEmbalse
1480;CIPRESES_vcolb_pehu_curi_loma;121;HidroeléctricaEmbalse
1481;CIPRESES_vcolb_pehu_loma;121;HidroeléctricaEmbalse
1482;CIPRESES_vcuri;121;HidroeléctricaEmbalse
1483;CIPRESES_visla;121;HidroeléctricaEmbalse
1484;CIPRESES_visla_colb_curi;121;HidroeléctricaEmbalse
1485;CIPRESES_visla_colb_pehu_curi;121;HidroeléctricaEmbalse
1486;CIPRESES_visla_curi;121;HidroeléctricaEmbalse
1487;CIPRESES_visla_curi_loma_pehu;121;HidroeléctricaEmbalse
1488;CIPRESES_visla_loma;121;HidroeléctricaEmbalse
1489;CIPRESES_visla_pehu_colb;121;HidroeléctricaEmbalse
1490;CIPRESES_vloma;121;HidroeléctricaEmbalse
1491;CIPRESES_vpehu;121;HidroeléctricaEmbalse
1492;CIPRESES_vpehu_colb;121;HidroeléctricaEmbalse
1493;CIPRESES_vpehu_colb_curi;121;HidroeléctricaEmbalse
1494;CIPRESES_vpehu_curi;121;HidroeléctricaEmbalse
1495;CIPRESES_vpehu_curi_loma;121;HidroeléctricaEmbalse
1496;CIPRESES_vpehu_isla;121;HidroeléctricaEmbalse
1497;CIPRESES_vpehu_isla_curi;121;HidroeléctricaEmbalse
1498;CIPRESES_vpehu_loma;121;HidroeléctricaEmbalse
1499;CIPRESES_vtodo;121;HidroeléctricaEmbalse
1500;ELTORO_vantu;125;HidroeléctricaEmbalse
1501;ELTORO_vantu_laja1;125;HidroeléctricaEmbalse
1502;ELTORO_vantu_quill;125;HidroeléctricaEmbalse
1503;ELTORO_vantu_quill_laja1;125;HidroeléctricaEmbalse
1504;ELTORO_vantu_rucu;125;HidroeléctricaEmbalse
1505;ELTORO_vantu_rucu_laja1;125;HidroeléctricaEmbalse
1506;ELTORO_vantu_rucu_quill_laja1;125;HidroeléctricaEmbalse
1507;ELTORO_vlaja1;125;HidroeléctricaEmbalse
1508;ELTORO_vquill_laja1;125;HidroeléctricaEmbalse
1509;ELTORO_vrucu;125;HidroeléctricaEmbalse
1510;ELTORO_vrucu_laja1;125;HidroeléctricaEmbalse
1511;ELTORO_vrucu_quill_laja1;125;HidroeléctricaEmbalse
1512;KELAR-TG1_TG1_GNL_INFLEX;271;GNL
1513;KELAR-TG1_TG1+0.5TV_GNL_INFLEX;271;GNL
1514;KELAR-TG12_TG1+TG2+TV1_GNL_INFLEX;272;GNL
1515;KELAR-TG2_TG2_GNL_INFLEX;272;GNL
1516;KELAR-TG2_TG2+0.5TV_GNL_INFLEX;272;GNL
1517;NEHUENCO-1_TG1+TV1+FA1_GNL_B;281;GNL
1518;NEHUENCO-1_TG1+TV1+FA1_GNL_C;281;GNL
1519;NEHUENCO-1_TG1+TV1+FA1_GNL_D;281;GNL
1520;NEHUENCO-1_TG1+TV1+FA1_GNL_E;281;GNL
1521;NEHUENCO-1_TG1+TV1+FA1_GNL_F;281;GNL
1522;NEHUENCO-1_TG1+TV1+FA1_GNL_G;281;GNL
1523;NUEVARENCA_TG1+TV1_GNL_F;295;GNL
1524;KELAR-TG12_TG1+TG2+TV1_GNL_E;272;GNL
1525;KELAR-TG1_TG1_GNL_E;271;GNL
1526;KELAR-TG2_TG2_GNL_E;272;GNL
1527;KELAR-TG1_TG1+0.5TV_GNL_E;271;GNL
1528;KELAR-TG2_TG2+0.5TV_GNL_E;272;GNL
1529;PATRICIA_DEL_VERANO_SOLAR;1027;Fotovoltaico
1530;QUEMADOS;1026;Fotovoltaico
1531;PENAFLOR;1024;Fotovoltaico
1532;CHAPIQUINA_1;1022;HidroeléctricaPasada
1533;CARACAS_II;1021;Fotovoltaico
1534;DALMAGRO_SUR_1;1019;bess
1535;PUEBLO_SECO;1018;Fotovoltaico
1536;EL_TRIGAL;1017;Fotovoltaico
1537;CABRERO_SOLAR;1016;Fotovoltaico
1538;LA_GAMBOINA;1015;Fotovoltaico
1539;LLAUQUEREO;1014;HidroeléctricaPasada
1540;GAVIOTIN;1013;Fotovoltaico
1541;REXNER_II;1012;Fotovoltaico
1542;CHAPIQUINA_2;1023;HidroeléctricaPasada
1543;DALMAGRO_SUR_2;1020;bess
1544;TAMARAMA;1025;Fotovoltaico
1545;PENAFLOR_II;1030;Fotovoltaico
1546;PFV-CERRODOMINADOR;961;Fotovoltaico
1547;LOSVIENTOS_GNL_A;278;GNL
1548;CERROPABELLON-G3A_GEO;112;geotermica
1549;North West;1039;Fotovoltaico
1550;LA_HUELLA;79;Fotovoltaico
1551;LOMAS_COLORADAS;599;Fotovoltaico
1552;EL_NOGAL E;967;Eolico
1553;TALTAL;53;Eolico
1554;PUNTA_COLORADA;977;Eolico
1555;PELUMPEN;1029;Fotovoltaico
1556;SOLAR_ELENA;1033;Fotovoltaico
1557;LOSVIENTOS_CNAVIA_GNL_A;278;GNL
1558;CAMPICHE_CAR_RH;228;Carbon
1559;MEJILLONES-IEM_CAR_RH;253;Carbon
1560;LOSVIENTOS_CNAVIA_GNL_C;278;GNL
1561;LOSVIENTOS_GNL_C;278;GNL
1562;COYUNCHE;1036;Fotovoltaico
1563;TALLADO;1031;Fotovoltaico
1564;RIMINI;1032;Fotovoltaico
1565;REN;1038;Fotovoltaico
1566;RECONQUISTADOR;1037;Fotovoltaico
1567;CRMaite;1045;Diesel
1568;WILLKA;1046;Fotovoltaico
1569;LAS SALINAS;1047;Fotovoltaico
1570;LA_GLORIA;1034;Biomasa
1571;OLIVIA;1048;Fotovoltaico
1572;EL_JARDIN;1043;Diesel
1573;OLIVIER;1040;Fotovoltaico
1574;LA CABAÑA;1055;Eolico
1575;ARICA;1035;Fotovoltaico
1576;Clementina;1052;Fotovoltaico
1577;Independencia;1056;Fotovoltaico
1578;Lo Miguel;1042;Fotovoltaico
1579;Los Nogales;1041;Fotovoltaico
1580;Violeta;1050;Fotovoltaico
1581;Yahutela;1051;Fotovoltaico
1582;Las Dalias;1044;Diesel
1583;PMGD PFV Los Cisnes;1053;Fotovoltaico
1584;PMGD PFV El Chercan;1049;Fotovoltaico
1585;PMGD PFV Maitenlahue;1054;Fotovoltaico
1586;PMGD PFV El Palqui;1064;Fotovoltaico
1587;PMGD PFV Doña Igna;1065;Fotovoltaico
1588;PMGD PFV Chilener;1067;Fotovoltaico
1589;PMGD PFV Maimalicán;1061;Fotovoltaico
1590;PMGD PFV Don Matías;1066;Fotovoltaico
1591;PFV CEME 1;1071;Fotovoltaico
1592;PFV VENEZIA SOLAR;1072;Fotovoltaico
1593;PE Manantiales;1073;Eolico
1594;PE Los Cerrillos;1074;Eolico
1595;Pe Cardonal;1075;Eolico
1596;PMGD PFV Parque La Travesía;1076;Fotovoltaico
1597;PMGD PFV Siete Colores;1070;Fotovoltaico
1598;PMGD PFV PSF El Peral;1063;Fotovoltaico
1599;PMGD PFV Santa Lucía;1058;Fotovoltaico
1600;LOSVIENTOS_GNL_B;278;GNL
1601;Rengo;1059;Fotovoltaico
1602;Pellin;1060;Fotovoltaico
1603;El Rayador;1062;Fotovoltaico
1604;DonOscar;1083;Fotovoltaico
1605;Jardin Solar Petorca;1081;Fotovoltaico
1606;Las Taguas;1082;Fotovoltaico
1607;Coya diesel;1077;Diesel
1608;Las Arboledas;1078;Fotovoltaico
1609;KELAR-TG12_TG1+TG2+TV1_GN_A;272;GN
1610;KELAR-TG1_TG1+0.5TV_GN_A;272;GN
1611;KELAR-TG1_TG1_GN_A;272;GN
1612;KELAR-TG2_TG2_GN_A;272;GN
1613;KELAR-TG2_TG2+0.5TV_GN_A;272;GN
1614;Paillihue;1079;Fotovoltaico
1615;Laja Andino;1091;Fotovoltaico
1616;Avellano;1086;Fotovoltaico
1617;Fotovolt Lin;1091;Fotovoltaico
1618;Quilmo;1094;Fotovoltaico
1619;KELAR TG1 + 0.5 TV (Gas Arg);272;GNL
1620;KELAR TG1 (Gas Arg);272;GNL
1621;KELAR TG1 + TG2 + TV (Gas Arg);272;GNL
1622;KELAR TG2 + 0.5 TV (Gas Arg);272;GNL
1623;KELAR TG2 (Gas Arg);272;GNL
1624;Blu;1087;Fotovoltaico
1625;Tijeral;1097;Fotovoltaico
1626;Chercan Solar;1049;Fotovoltaico
1627;Cara De Gallo;1088;Fotovoltaico
1628;San Eugenio;1095;Fotovoltaico
1629;Andes Solar IV;1099;Fotovoltaico
1630;Doña Antonia;1098;Fotovoltaico
1631;El Cuervo;1089;Fotovoltaico
1632;Orquidea Solar;1092;Fotovoltaico
1633;Añuñuca del Verano;1108;Fotovoltaico
1634;Tranque del Sol;1103;Fotovoltaico
1635;Fuster del Verano;1109;Fotovoltaico
1636;Malvilla;1102;Fotovoltaico
1637;Soy Solar;1096;Fotovoltaico
1638;LA_PAZ;1100;Fotovoltaico
1639;PENCAHUE;1105;Fotovoltaico
1640;EL_CARDENAL;1112;Fotovoltaico
1641;EL_MIRLO;1113;Fotovoltaico
1642;PATAGUA;1116;Fotovoltaico
1643;SOL_DEL_MAULE;1118;Fotovoltaico
1644;TRANCA_DEL_TORO;1120;HidroeléctricaPasada
1645;Pomuyeto;1121;Fotovoltaico
1646;RUCAPAINE;1117;Fotovoltaico
1647;EA SF GRANEROS;1111;Fotovoltaico
1648;CORSO;1137;Fotovoltaico
1649;MACARENA SOLAR;1115;Fotovoltaico
1650;CENTAURO SOLAR;1110;Fotovoltaico
1651;SAN ANTONIO DEL MONTE SUNLIGHT;1124;Fotovoltaico
1652;EL CARPINTERO;1132;Fotovoltaico
1653;SOFIA;1125;Fotovoltaico
1654;GRAN TENO;1126;Fotovoltaico
1655;ENAMI SOLAR;1123;Fotovoltaico
1656;REN - AMPLIACION;1038;Fotovoltaico
1657;LOS ROBLES;1128;Fotovoltaico
1658;SGT CATAPILCO;1122;Fotovoltaico
1659;EA MAITEN;1131;Fotovoltaico
1660;TAIRA;1138;Fotovoltaico
1661;PUNTA DE TALCA;1139;Eolico
1662;PATAGUILLA;1140;Fotovoltaico
1663;FAROL_SOLAR;1149;Fotovoltaico
1664;LA_VENDIMIA;1150;Fotovoltaico
1665;CAIQUEN;1142;Fotovoltaico
1666;ALAMEDA;1141;Fotovoltaico
1667;LBATROS;1144;Fotovoltaico
1668;Hornopirén;1151;HidroeléctricaPasada
1669;Quebrada de Talca;1152;Fotovoltaico
1670;Huigan;1153;Fotovoltaico
1671;Axel Solar;1154;Fotovoltaico
1672;Parque San Francisco Parral;1155;Fotovoltaico
1673;LOSVIENTOS_GNL_E;278;GNL
1674;LOSVIENTOS_GNL_D;278;GNL
1675;epfv-desierto-de-atacama;1170;Fotovoltaico
1676;ealto-del-sol;1171;Fotovoltaico
1677;ecaldera;1165;Fotovoltaico
1678;ehurtado;1159;Fotovoltaico
1679;eloma-tendida-del-verano;1160;Fotovoltaico
1680;eel-portal;1148;Fotovoltaico
1681;etalagante;1167;Fotovoltaico
1682;echequen;1166;Fotovoltaico
1683;einterlocutor;1158;Fotovoltaico
1684;edona-rubena;1168;Fotovoltaico
1685;eel-trile;1163;Fotovoltaico
1686;ealto-bellavista;1172;Fotovoltaico
1687;eroma;1162;Fotovoltaico
1688;epmg-lucas-solar;1135;Fotovoltaico
1689;eparque-mayos;1187;Fotovoltaico
1690;ealdebaran;1169;Fotovoltaico
1691;ecabimas;1175;Fotovoltaico
1692;esimon;1157;Fotovoltaico
1693;epueblo-hundido;1181;Fotovoltaico
1694;esan-eduardo;1188;Fotovoltaico
1695;esanta-teresita;1184;Fotovoltaico
1696;epfv-tamango;1189;Fotovoltaico
1697;epichilemu;1180;Fotovoltaico
1698;epfv-tamarico-etapa-2;1190;Fotovoltaico
1699;epesaro;1179;Fotovoltaico
1700;esan-alberto;1183;Fotovoltaico
1701;esolarpark-malloa;1185;Fotovoltaico
1702;ejilguero;1178;Fotovoltaico
1703;echanar-del-verano;1176;Fotovoltaico
1704;NUEVARENCA_TG1+TV1+FA1_GNL_E;295;GNL
1705;NUEVARENCA_TG1+TV1+FA1_GNL_D;295;GNL
1706;NUEVARENCA_TG1+TV1+FA1_GNL_C;295;GNL
1707;PMGD PFV Rcu;1182;Fotovoltaico
1708;PMGD PFV Santa Pamela;1196;Fotovoltaico
1709;PMGD PFV PVP Unihue;1186;Fotovoltaico
1710;PMGD PFV Plaza Sunlight;1194;Fotovoltaico
1712;PE Horizonte;1200;Eolico
1713;PMGD PFV Viñas del Sol;1199;Fotovoltaico
1714;PMGD PFV Turquia;1197;Fotovoltaico
1715;PMGD PFV Doña Regina;1177;Fotovoltaico
1716;PMGD PFV Las Chilcas;1201;Fotovoltaico
1717;PFV PMG LLANCAY;1202;Fotovoltaico
1718;PMGD PFV Lluta Solar;1195;Fotovoltaico
1719;PMGD PFV Quilmo Solar;1094;Fotovoltaico
1720;PFV DON HUMBERTO;1203;Fotovoltaico
1721;PMGD PFV MACAO;1193;Fotovoltaico
1722;PMGD PFV SAN CLEMENTE FLOR DEL LLANO;1206;Fotovoltaico
1723;PMGD PFV Verona;1198;Fotovoltaico
1724;PMGD PFV Loncura;1209;Fotovoltaico
1725;PMGD PFV AHE BUENAS YERBAS;1210;Fotovoltaico
1726;PE KALLPA;1211;Eolico
1727;PMGD PFV San Rafael;1207;Fotovoltaico
1728;PMGD PFV EL LORO CHOROY;1192;Fotovoltaico
1729;CONTULMO;1212;Diesel
1730;SALMOFOOD;1213;Diesel
1731;VIENTOS PATAGONICOS (SM);1214;Eolico
1732;FOTOVOLT SOLAR;1215;Fotovoltaico
1733;SOLAR PALERMO;1216;Fotovoltaico
1734;La Huerta;1205;Fotovoltaico
1735;Ancahual;1204;Fotovoltaico
1736;Bellet;1219;Diesel
1737;Santa Blanca;1221;Fotovoltaico
1738;El Turpial;1217;Fotovoltaico
1739;Lloica;1223;Fotovoltaico
1740;Caranca;1224;Fotovoltaico
1741;Leyda;1225;Fotovoltaico
1742;RUCASOL;1226;Fotovoltaico
1743;CIPRESES-2_sinv;121;HidroeléctricaEmbalse
1744;CIPRESES-3_sinv;122;HidroeléctricaEmbalse
1745;COLBUN-2_sinv;124;HidroeléctricaEmbalse
1746;COLBUN-2_vsign;124;HidroeléctricaEmbalse
1747;RALCO-2_sinv;134;HidroeléctricaEmbalse
1748;ABANICO-1;140;HidroeléctricaEmbalse
1749;ABANICO-3;140;HidroeléctricaEmbalse
1750;ABANICO-5;140;HidroeléctricaEmbalse
1751;ABANICO-6;140;HidroeléctricaEmbalse
1752;ALFALFAL-1;143;HidroeléctricaEmbalse
1753;ALFALFAL-2;144;HidroeléctricaEmbalse
1754;ANCOA-1;161;HidroeléctricaEmbalse
1755;ANCOA-2;161;HidroeléctricaEmbalse
1756;CALLAO-1;359;HidroeléctricaEmbalse
1757;CALLAO-2;359;HidroeléctricaEmbalse
1758;CHACABUQUITO-1;151;HidroeléctricaEmbalse
1759;CHACABUQUITO-2;151;HidroeléctricaEmbalse
1760;CHACABUQUITO-3;151;HidroeléctricaEmbalse
1761;CHACABUQUITO-4;151;HidroeléctricaEmbalse
1762;CHIBURGO-1;156;HidroeléctricaEmbalse
1763;CHIBURGO-2;156;HidroeléctricaEmbalse
1764;DIGUA-1;160;HidroeléctricaEmbalse
1765;DIGUA-2;160;HidroeléctricaEmbalse
1766;ELPASO-1;162;HidroeléctricaEmbalse
1767;ELPASO-2;162;HidroeléctricaEmbalse
1768;ELPASO-3;162;HidroeléctricaEmbalse
1769;FLORIDA1-1;163;HidroeléctricaEmbalse
1770;FLORIDA1-2;163;HidroeléctricaEmbalse
1771;FLORIDA2-1;164;HidroeléctricaEmbalse
1772;FLORIDA2-2;164;HidroeléctricaEmbalse
1773;FLORIDA3-1;165;HidroeléctricaEmbalse
1774;FLORIDA3-2;165;HidroeléctricaEmbalse
1775;GUAYACAN-1;166;HidroeléctricaEmbalse
1776;GUAYACAN-2;166;HidroeléctricaEmbalse
1777;ITATA-1;170;HidroeléctricaEmbalse
1778;ITATA-2;170;HidroeléctricaEmbalse
1779;LACONFLUENCIA-1;157;HidroeléctricaEmbalse
1780;LACONFLUENCIA-2;157;HidroeléctricaEmbalse
1781;LAHIGUERA-1;167;HidroeléctricaEmbalse
1782;LAHIGUERA-2;167;HidroeléctricaEmbalse
1783;LAJA1-1;171;HidroeléctricaEmbalse
1784;LAJA1-2;171;HidroeléctricaEmbalse
1785;LICAN-1;175;HidroeléctricaEmbalse
1786;LICAN-2;175;HidroeléctricaEmbalse
1787;LIRCAY-1;176;HidroeléctricaEmbalse
1788;LIRCAY-2;176;HidroeléctricaEmbalse
1789;LOSMOLLES-1;181;HidroeléctricaEmbalse
1790;LOSMOLLES-2;181;HidroeléctricaEmbalse
1791;MAITENES-1;185;HidroeléctricaEmbalse
1792;MAITENES-2;185;HidroeléctricaEmbalse
1793;MAITENES-3;185;HidroeléctricaEmbalse
1794;MAMPIL-1;188;HidroeléctricaEmbalse
1795;MAMPIL-2;188;HidroeléctricaEmbalse
1796;NALCAS-1;367;HidroeléctricaEmbalse
1797;NALCAS-2;367;HidroeléctricaEmbalse
1798;NALCAS-3;367;HidroeléctricaEmbalse
1799;PALMAR-1;369;HidroeléctricaEmbalse
1800;PALMAR-2;369;HidroeléctricaEmbalse
1801;PEUCHEN-1;191;HidroeléctricaEmbalse
1802;PEUCHEN-2;191;HidroeléctricaEmbalse
1803;PROVIDENCIA-1;371;HidroeléctricaEmbalse
1804;PROVIDENCIA-2;371;HidroeléctricaEmbalse
1805;PULELFU-1;373;HidroeléctricaEmbalse
1806;PULELFU-2;373;HidroeléctricaEmbalse
1807;PUNTILLA-1;304;HidroeléctricaEmbalse
1808;PUNTILLA-2;304;HidroeléctricaEmbalse
1809;PUNTILLA-3;304;HidroeléctricaEmbalse
1810;QUELTEHUES-1;200;HidroeléctricaEmbalse
1811;QUELTEHUES-2;200;HidroeléctricaEmbalse
1812;QUELTEHUES-3;200;HidroeléctricaEmbalse
1813;RIOCOLORADO-1;203;HidroeléctricaEmbalse
1814;RIOCOLORADO-2;203;HidroeléctricaEmbalse
1815;RIOHUASCO-1;375;HidroeléctricaEmbalse
1816;RIOHUASCO-2;375;HidroeléctricaEmbalse
1817;RIOPICOIQUEN-1;376;HidroeléctricaEmbalse
1818;RIOPICOIQUEN-2;376;HidroeléctricaEmbalse
1819;SANANDRES-1;982;HidroeléctricaEmbalse
1820;SANANDRES-2;982;HidroeléctricaEmbalse
1821;PFV-MANZANO;1080;Fotovoltaico
1822;RALCO-1_vangos;133;HidroeléctricaEmbalse
1823;CIPRESES-1_vcuri_loma;120;HidroeléctricaEmbalse
1824;CIPRESES-1_vloma;120;HidroeléctricaEmbalse
1825;LOS CONDORES;1237;HidroeléctricaPasada
1826;HIJUELA 4;1222;Fotovoltaico
1827;SAN MATIAS;1127;Eolico
1828;POCILLAS;1093;Fotovoltaico
1829;EMILIA SOLAR;1238;Fotovoltaico
1830;LA CONFIANZA;1104;HidroeléctricaPasada
1831;SOLAR DEL BUENO;1105;Fotovoltaico
1832;LENGA SOLAR;1106;Fotovoltaico
1833;ELTORO-2_sinv;969;HidroeléctricaEmbalse
1834;ELTORO-3_sinv;126;HidroeléctricaEmbalse
1835;ELTORO-4_sinv;127;HidroeléctricaEmbalse
1836;ELTORO-2_vrucu_quill;969;HidroeléctricaEmbalse
1837;ELTORO-1_vquill;125;HidroeléctricaEmbalse
1838;ELTORO-4_vrucu_quill;127;HidroeléctricaEmbalse
1839;PEUMO YUNGAY;1245;Fotovoltaico
1840;RALCO-2_vangos;134;HidroeléctricaEmbalse
1841;Cenizas U4;238;Diesel
1842;Cenizas U5;238;Diesel
1843;TERMOANDES-TV10 SEN;308;Termica
1844;Holley;1325;Diesel
1845;EXEQUIEL FERNANDEZ;1326;Diesel
1846;MAYOR POWER;1293;Diesel
1847;COLACO PARGUA;1292;Diesel
1848;HORIZONTE SUR;1327;Eolico
1849;ANTOFAGASTA;1328;Eolico
1850;LAS NIEVES;1329;HidroeléctricaPasada
1851;ESPIGA DE ORO;1254;Fotovoltaico
1852;PARQUE CAUQUENES;1298;Fotovoltaico
1853;BULNES SOLAR;1249;Fotovoltaico
1854;SGT TUCAPEL;1250;Fotovoltaico
1855;MARIA DOLORES;1251;Fotovoltaico
1856;VILLA LONGAVI;1294;Fotovoltaico
1857;SUNRAY;1315;Fotovoltaico
1858;CURACO;1220;Fotovoltaico
1859;CANQUEN;1299;Fotovoltaico
1860;CETUS;1282;Fotovoltaico
1861;EL TREBOL;1301;Fotovoltaico
1862;EL ÑANDU;1302;Fotovoltaico
1863;GENOVA;1241;Fotovoltaico
1864;SAN VICENTE TT;1304;Fotovoltaico
1865;CONDOR LA LIGUA;1286;Fotovoltaico
1866;PERSEFONE;1303;Fotovoltaico
1867;SAGRADA FAMILIA LA FORTUNA 15;1242;Fotovoltaico
1868;COLIBRI;1240;Fotovoltaico
1869;LOS NARANJOS;1330;Fotovoltaico
1870;BELEN;1248;Fotovoltaico
1871;QUINTACABRERO;1258;Fotovoltaico
1873;ALIANZA;1246;Fotovoltaico
1874;CHILLAN HUAMBALI HIPER;1284;Fotovoltaico
1875;FRAGATA;1309;Fotovoltaico
1876;FV CHICAUMA DEL VERANO;1310;Fotovoltaico
1877;CHOLGUAN;1243;Fotovoltaico
1878;VILLA CVE;1321;Fotovoltaico
1879;LOS MORROS I;1331;Fotovoltaico
1880;ISIDRO;1332;Fotovoltaico
1881;LIEBRE DE VERANO;1260;Fotovoltaico
1882;PVP CHINCHORRO;1300;Fotovoltaico
1883;CHACAICO;1283;Fotovoltaico
1884;SIRIMAVO;1305;Fotovoltaico
1885;CASA DE LATA;1308;Fotovoltaico
1886;CATO SOLAR;1259;Fotovoltaico
1887;LA PERLA;1261;Fotovoltaico
1888;BARCELONA;1247;Fotovoltaico
1889;SOLARIS;1314;Fotovoltaico
1890;MARGARITA X;1312;Fotovoltaico
1891;VELASCO SOLAR;1296;Fotovoltaico
1892;CUARZO;1333;Fotovoltaico
1893;PVP LA ROSA;1236;Fotovoltaico
1894;CEFALU SOLAR;1239;Fotovoltaico
1895;EL TRIUNFO;1287;Fotovoltaico
1896;BELENOS TIL TIL;1334;Fotovoltaico
1897;LAS TACAS;1335;Fotovoltaico
1898;LOS BANOS;1288;Fotovoltaico
1899;TOPACIO;1336;Fotovoltaico
1900;TES SOLAR;1290;Fotovoltaico
1901;LA GONZALINA DE TUNICHE SUNLIGHT;1310;Fotovoltaico
1902;TUTUVEN;1337;Fotovoltaico
1903;NUEVO QUILLAGUA II;1338;Fotovoltaico
1904;CALDERAZA;1339;Fotovoltaico
1905;TORTUGA SOLAR;1273;Fotovoltaico
1906;CAUCE SOLAR;1340;Fotovoltaico
1907;SAND SOLAR;1313;Fotovoltaico
1908;FENIX;1341;Fotovoltaico
1909;MORA;1146;Fotovoltaico
1910;ENCINA lll;1342;Fotovoltaico
1911;MILLAHUE;1343;Fotovoltaico
1912;COLLANCO;1320;Fotovoltaico
1913;GUINDO SANTO;1344;Fotovoltaico
1914;RANGUIL SOLAR NORTE;1345;Fotovoltaico
1915;TARUCA;1317;Fotovoltaico
1916;ANDES SOLAR III;1346;Fotovoltaico
1917;PERLA DEL NORTE;1347;Fotovoltaico
1918;ESMERALDA;1348;Fotovoltaico
1919;BOIX;1349;Fotovoltaico
1920;CHAMONATE SOLAR;1350;Fotovoltaico
1921;PUMAS;1351;Fotovoltaico
1922;ALGARROBO;1352;Fotovoltaico
1923;TER Licantén Bloque 2 (Biomasa);17;Biomasa
1924;TER Licantén Bloque 1 (Licor negro);17;Biomasa
1925;TER Valdivia Bloque 1 (Licor negro);333;Biomasa
1926;TER Valdivia Bloques 2 y 3 (Biomasa);333;Biomasa
1927;TER Valdivia Bloque 4 (Fuel Oil);333;Biomasa
1928;TER Cholguán Bloque 1 (Biomasa);301;Biomasa
1929;TER Cholguán Bloque 2 (Diésel);301;Diesel
1930;TER Celco Bloque 1 (Biomasa);237;Biomasa
1931;TER Celco Bloque 2 (Fuel Oil);237;fuel-oil
1932;Falcon;1353;Fotovoltaico
1933;DON TITO;1354;HidroeléctricaPasada
1934;CKHURI;1355;Eolico
1935;CALEU;1356;Fotovoltaico
1936;BESS ALFALFAL VR1;144;bess
1937;BESS ALFALFAL VR2;145;bess
1938;BESS Andes IV;1099;bess
1939;BESS Andes Solar IIA;59;bess
1940;BESS Andes Solar IIB;60;bess
1941;BESS Andes Solar III;1346;bess
1942;BESS Angamos;222;bess
1943;BESS Capricornio;64;bess
1944;BESS Cochrane;243;bess
1945;BESS del Desierto;349;bess
1946;BESS Desierto de Atacama;101;bess
1947;BESS Don Humberto;1203;bess
1948;BESS La Cabaña;1055;bess
1949;BESS María Elena;89;bess
1950;BESS Nuevo Quillagua;91;bess
1951;BESS Nuevo Quillagua II;1338;bess
1952;BESS PFV COYA;963;bess
1953;BESS PFV El Manzano;1080;bess
1954;BESS Punta Sierra;46;bess
1955;BESS Salvador;96;bess
1956;BESS San Andrés;981;bess
1957;BESS Tamaya;107;bess
1958;BESS Uribe Solar;108;bess
1959;BESS Nueva Imperial;1357;bess
1960;LOSVIENTOS_CNAVIA_GNL_B;278;GNL
1961;LOSVIENTOS_CNAVIA_GNL_D;278;GNL
1962;LOSVIENTOS_CNAVIA_GNL_E;278;GNL
1963;LOSVIENTOS_CNAVIA_GN_A;278;GN
1964;LOSVIENTOS_GN_A;278;GN
1965;LOSVIENTOS_CNAVIA_GN_B;278;GN
1966;NUEVARENCA_TG1+TV1+FA1_GN_B;295;GN
1967;LOSVIENTOS_CNAVIA_GN_C;278;GN
1968;NEWEN_GN_B;291;GN
1969;NUEVARENCA_TG1+TV1_GN_C;295;GN
1970;ATACAMA-1TG1B_TG1B+0.5TV1_GN_D;320;GN
1971;ATACAMA-1TG1B_TG1B_GN_D;320;GN
1972;ATACAMA-2TG2B_TG2B_GN_C;322;GN
1973;LOSVIENTOS_GN_B;278;GN
1974;QUINTERO-2_GN_B;305;GN
1975;QUINTERO-2_GN_C;305;GN
1976;SANISIDRO-1_TG1+TV1+FA1_GN_B;311;GN
1977;SANISIDRO-1_TG1+TV1_FSTVD_GN_B;311;GN
1978;SANISIDRO-1_TG1+TV1_FSTVD_GN_C;311;GN
1979;SANISIDRO-1_TG1+TV1_GN_B;311;GN
1980;SSANISIDRO-1_TG1+TV1_GN_C;311;GN
1981;SANISIDRO-2_TG1+TV1_GN_B;312;GN
1982;SANISIDRO-2_TG1+TV1_GN_C;312;GN
1983;SANISIDRO-2_TG1_GN_B;312;GN
1984;SANISIDRO-2_TG1_GN_C;312;GN
1985;TOCOPILLA-U16_TG1+TV1_GN_B;327;GN
1986;TOCOPILLA-U16_TG1_GN_B;327;GN
1987;CANDELARIA-1_GN_B;959;GN
1988;CANDELARIA-2_GN_B;959;GN
1989;LOSVIENTOS_GN_C;278;GN
1990;NEHUENCO-1_TG1+TV1_GN_B;281;GN
1991;NEHUENCO-1_TG1_GN_B;281;GN
1992;NEHUENCO-2_TG1+TV1_GN_B;286;GN
1993;NEHUENCO-2_TG1_GN_B;286;GN
1994;NUEVARENCA_TG1+TV1_GN_D;295;GN
1995;QUINTERO-1_GN_B;305;GN
1996;SANISIDRO-2_TG1+TV1_FSTVU_GN_B;312;GN
1997;SANISIDRO-2_TG1+TV1_FSTVU_GN_C;312;GN
1998;PE-RENAICO;1069;Eolico
1999;PE-RENAICO-2;1068;Eolico
2000;PFV-JAMA-1;105;Fotovoltaico
2001;PFV-JAMA-2;105;Fotovoltaico
2002;MAITENES-4;185;HidroeléctricaPasada
2003;MAITENES-5;185;HidroeléctricaPasada
2004;MACHICURA-1;973;HidroeléctricaEmbalse
2005;MACHICURA-2;973;HidroeléctricaEmbalse
2006;PFV TAMANGO;1189;Fotovoltaico
2007;PFV-TAMARICO;1190;Fotovoltaico
2008;ANDES-1+2_FO6;958;Diesel
2009;ANDES-1+2_DIESEL;958;Diesel
2010;NEHUENCO-1_TG1+TV1+FA1_GN_B;281;GN
2011;NEHUENCO-1_TG1+TV1+FA1_GN_C;281;GN
2012;NEHUENCO-1_TG1+TV1+FA1_GN_D;281;GN
2013;NUEVARENCA_TG1+TV1+FA1_GN_D;295;GN
2014;TOCOPILLA-TG3_GN_B;326;GN
2015;TOCOPILLA-TG3_GN_C;326;GN
2016;TOCOPILLA-TG3_GN_D;326;GN
2017;KELAR-TG12_TG1+TG2+TV1_GN_B;272;GN
2018;KELAR-TG12_TG1+TG2+TV1_GN_C;272;GN
2019;KELAR-TG12_TG1+TG2+TV1_GN_D;272;GN
2020;CANDELARIA-1_GN_C;959;GN
2021;CANDELARIA-1_GN_D;959;GN
2022;CANDELARIA-2_GN_C;959;GN
2023;CANDELARIA-2_GN_D;959;GN
2024;SANISIDRO-1_TG1+TV1+FA1_GN_C;311;GN
2025;SANISIDRO-1_TG1+TV1+FA1_GN_D;311;GN
2026;MEJILLONES-CTM3_TG1_GN_B;255;GN
2027;MEJILLONES-CTM3_TG1_GN_C;255;GN
2028;MEJILLONES-CTM3_TG1_GN_D;255;GN
2029;MEJILLONES-CTM3_TG1+TV1_GN_B;255;GN
2030;MEJILLONES-CTM3_TG1+TV1_GN_C;255;GN
2031;MEJILLONES-CTM3_TG1+TV1_GN_D;255;GN
2032;NEHUENCO-9B_GN_B;287;GN
2033;NEHUENCO-9B_GN_C;287;GN
2034;NEHUENCO-9B_GN_D;287;GN
2035;KELAR-TG1_TG1+0.5TV_GN_B;271;GN
2036;KELAR-TG1_TG1+0.5TV_GN_C;271;GN
2037;KELAR-TG1_TG1+0.5TV_GN_D;271;GN
2038;KELAR-TG2_TG2+0.5TV_GN_B;272;GN
2039;KELAR-TG2_TG2+0.5TV_GN_C;272;GN
2040;KELAR-TG2_TG2+0.5TV_GN_D;272;GN
2041;NEHUENCO-2_TG1_GN_C;285;GN
2042;NEHUENCO-2_TG1_GN_D;285;GN
2043;NEHUENCO-2_TG1+TV1_GN_C;286;GN
2044;NEHUENCO-2_TG1+TV1_GN_D;286;GN
2045;QUINTERO-1_GN_C;305;GN
2046;QUINTERO-1_GN_D;305;GN
2047;QUINTERO-2_GN_D;305;GN
2048;SANISIDRO-2_TG1+TV1_FSTVU_GN_D;312;GN
2049;SANISIDRO-2_TG1+TV1_GN_D;312;GN
2050;TALTAL-1_GN_B;315;GN
2051;TALTAL-1_GN_C;315;GN
2052;TALTAL-1_GN_D;315;GN
2053;TALTAL-2_GN_B;316;GN
2054;TALTAL-2_GN_C;316;GN
2055;TALTAL-2_GN_D;316;GN
2056;NEHUENCO-1_TG1_GN_C;282;GN
2057;NEHUENCO-1_TG1_GN_D;282;GN
2058;ATACAMA-1TG1A_TG1A+0.5TV1_GN_B;319;GN
2059;ATACAMA-1TG1A_TG1A+0.5TV1_GN_C;319;GN
2060;ATACAMA-1TG1A_TG1A+0.5TV1_GN_D;319;GN
2061;ATACAMA-1TG1AB_TG1A+TG1B+TV1_GN_B;319;GN
2062;ATACAMA-1TG1AB_TG1A+TG1B+TV1_GN_C;319;GN
2063;ATACAMA-1TG1AB_TG1A+TG1B+TV1_GN_D;319;GN
2064;ATACAMA-2TG2A_TG2A+0.5TV2_GN_B;321;GN
2065;ATACAMA-2TG2A_TG2A+0.5TV2_GN_C;321;GN
2066;ATACAMA-2TG2A_TG2A+0.5TV2_GN_D;321;GN
2067;ATACAMA-2TG2AB_TG2A+TG2B+TV2_GN_B;321;GN
2068;ATACAMA-2TG2AB_TG2A+TG2B+TV2_GN_C;321;GN
2069;ATACAMA-2TG2AB_TG2A+TG2B+TV2_GN_D;321;GN
2070;ATACAMA-2TG2B_TG2B+0.5TV2_GN_B;322;GN
2071;ATACAMA-2TG2B_TG2B+0.5TV2_GN_C;322;GN
2072;ATACAMA-2TG2B_TG2B+0.5TV2_GN_D;322;GN
2073;NEHUENCO-1_TG1+TV1_GN_C;283;GN
2074;NEHUENCO-1_TG1+TV1_GN_D;283;GN
2075;KELAR-TG1_TG1_GN_B;271;GN
2076;KELAR-TG1_TG1_GN_C;271;GN
2077;KELAR-TG1_TG1_GN_D;271;GN
2078;KELAR-TG2_TG2_GN_B;272;GN
2079;KELAR-TG2_TG2_GN_C;272;GN
2080;KELAR-TG2_TG2_GN_D;272;GN
2081;TOCOPILLA-U16_TG1_GN_C;327;GN
2082;TOCOPILLA-U16_TG1_GN_D;327;GN
2083;TOCOPILLA-U16_TG1+TV1_GN_C;327;GN
2084;TOCOPILLA-U16_TG1+TV1_GN_D;327;GN
2085;SANISIDRO-1_TG1+TV1_FSTVD_GN_D;311;GN
2086;SANISIDRO-1_TG1+TV1_GN_D;311;GN
2087;SANISIDRO-2_TG1_GN_D;312;GN
2088;LOSVIENTOS_GN_D;278;GN
2089;LOSVIENTOS_GN_D_CNAVIA;278;GN
2090;SANISIDRO-1_TG1_GN_B;311;GN
2091;SANISIDRO-1_TG1_GN_C;311;GN
2092;SANISIDRO-1_TG1_GN_D;311;GN
2093;ATACAMA-2TG2A_TG2A_GN_B;321;GN
2094;ATACAMA-2TG2A_TG2A_GN_C;321;GN
2095;ATACAMA-2TG2A_TG2A_GN_D;321;GN
2096;ATACAMA-1TG1A_TG1A_GN_B;319;GN
2097;ATACAMA-1TG1A_TG1A_GN_C;319;GN
2098;ATACAMA-1TG1A_TG1A_GN_D;319;GN
2099;ATACAMA-1TG1B_TG1B_GN_B;320;GN
2100;ATACAMA-1TG1B_TG1B_GN_C;320;GN
2101;ATACAMA-2TG2B_TG2B_GN_B;322;GN
2102;ATACAMA-2TG2B_TG2B_GN_D;322;GN
2103;NUEVARENCA_TG1+TV1+FA1_GN_C;295;GN
2104;ATACAMA-1TG1B_TG1B+0.5TV1_GN_B;320;GN
2105;ATACAMA-1TG1B_TG1B+0.5TV1_GN_C;320;GN
2106;CMPCBUCALEMU-2_COGEN;1228;Cogeneracion
2107;CMPCBUCALEMU-1_COGEN;1228;Cogeneracion
2108;ALFALFAL_SAE;143;bess
2109;SANISIDRO-2_TG1+TV1_FSTVU_GN_E;312;GN
2110;SANISIDRO-2_TG1+TV1_GN_E;312;GN
2111;SANISIDRO-1_TG1+TV1_FSTVD_GN_E;311;GN
2112;SANISIDRO-1_TG1+TV1_GN_E;311;GN
2113;SANISIDRO-2_TG1_GN_E;312;GN
2114;SANISIDRO-1_TG1+TV1+FA1_GN_E;311;GN
2115;SANISIDRO-1_TG1_GN_E;311;GN
2116;QUINTERO-2_GN_E;312;GN
2117;QUINTERO-1_GN_E;311;GN
2118;ELTORO-1_vrucu_quill_laja1;125;HidroeléctricaEmbalse
2119;CIPRESES-2_visla_curi_loma;121;HidroeléctricaEmbalse
2120;CENIZAS-2_DIESEL;238;Diesel
